game_id,king_w,queen_w,rooks_w,bishops_w,knights_w,pawns_w,king_b,queen_b,rooks_b,bishops_b,knights_b,pawns_b
iDKUxwrW,0,0,0,1,0,3,1,0,1,0,2,2
JfozNSMT,2,2,5,2,1,1,0,0,3,4,1,3
rf6zZLiF,0,3,1,1,1,2,0,0,2,3,2,2
Yd6M4WKB,1,3,1,1,3,2,0,3,0,2,1,4
inm9tEy4,1,0,1,1,2,1,0,0,1,1,2,1
gQlIzSsH,0,4,2,1,1,2,0,1,1,4,2,1
MzldOR9b,1,0,3,1,2,2,0,1,5,4,0,3
cr8pcFkZ,1,0,0,3,3,3,1,0,1,1,1,2
jcthtL0c,0,2,0,0,1,0,0,1,0,0,0,0
ljNA1bXi,0,2,4,2,0,2,0,1,3,2,1,3
YOuvkVPL,0,2,2,3,2,0,0,1,0,2,0,3
8jcNTnC2,1,0,3,2,4,1,0,2,1,1,0,4
pLNkUfWx,0,2,0,0,0,2,0,1,1,1,2,1
ft6fWFaq,0,5,1,0,2,4,1,1,1,2,1,3
swaLrojK,0,2,1,1,1,3,0,1,1,2,1,1
07KigwO6,0,1,1,1,0,2,0,0,1,2,1,3
UTbyYhFe,0,1,0,0,1,2,0,2,1,1,1,0
AONYs99u,0,0,0,0,0,3,0,1,1,1,1,2
6X7AeXfX,1,0,0,1,0,2,0,1,0,1,2,1
cFbKQ3KF,0,0,1,0,2,3,0,2,0,1,1,2
qzpotiCJ,0,0,3,0,5,3,2,0,2,3,1,3
MTEk5kxu,0,1,1,2,2,3,0,2,0,1,3,2
NdW2pmvz,1,3,0,1,2,2,1,4,0,0,2,4
tbU9KPoe,0,1,0,2,0,2,0,3,0,0,1,1
7Zgc9X4F,0,2,2,2,0,5,1,2,1,2,2,0
wolSbAOW,1,3,0,5,2,1,0,0,3,1,1,3
4MeD82og,0,0,0,1,0,0,0,1,0,0,0,1
83I9rcMJ,0,3,0,1,2,1,0,5,0,0,2,1
mQPI1n9U,0,5,0,3,4,1,0,5,0,2,0,0
nv1kW7M3,0,1,1,1,2,2,0,0,3,3,5,1
zSN4ZR07,0,1,2,1,2,3,0,2,4,2,0,4
GSQFzhpe,0,0,4,1,2,3,0,1,2,1,2,1
wFn28P8I,0,1,0,2,1,1,0,2,0,0,1,2
Gv218hiI,0,2,0,1,2,1,1,0,0,1,1,2
OXWN8lme,0,0,0,2,0,1,0,1,0,0,1,1
QprFL1bc,0,2,0,1,0,0,0,0,0,1,2,1
mUkI1svm,0,2,0,0,1,0,0,0,0,0,1,1
guPSyHiI,1,1,0,6,3,1,2,0,4,0,0,4
ySSvPiA0,1,0,4,2,2,5,2,1,5,3,2,2
GNV2ZlJb,1,1,3,2,0,3,0,1,0,2,2,1
ofvc1Znk,2,2,2,2,1,1,0,1,3,1,2,4
joBMmgrg,0,1,0,2,1,2,0,4,2,0,1,2
qstNDZIs,0,3,1,0,0,1,0,1,0,1,1,3
TqvkmrXG,0,0,0,2,0,0,0,2,0,0,0,0
kTbgby2O,0,0,0,1,0,1,0,2,0,1,2,0
dQnV6dIl,0,0,0,0,3,0,0,1,0,1,0,1
6klzh7zd,0,6,1,2,1,1,2,1,2,2,2,3
WmCmtPr6,0,3,2,2,1,1,0,4,2,0,2,3
JYgsUcFQ,0,1,1,1,2,1,0,4,0,1,1,1
IId2CqcP,0,2,2,3,2,0,1,1,0,1,1,3
NRE7KUkQ,0,2,0,0,2,1,0,0,0,1,2,1
I61dPElT,0,8,1,1,3,1,2,1,1,1,1,2
POTsgEAD,2,3,4,3,0,1,1,0,1,2,1,3
k3kL4Rvm,0,2,1,3,2,1,1,0,1,1,1,4
H8PYLiYl,0,0,0,0,1,1,0,1,0,0,2,0
h2YxEIYZ,1,0,2,1,2,2,0,3,0,3,1,4
ztyWMZtT,0,10,1,1,2,1,3,1,4,1,1,2
TpMbtYB5,0,1,0,1,0,4,0,4,0,2,2,0
ZEjWuNhc,0,4,0,1,0,1,0,1,0,1,2,0
4MbTfINa,2,2,6,0,1,2,0,1,5,2,3,2
S3YM7s3b,0,3,0,2,3,2,0,5,1,1,2,2
mFCWZrsc,0,0,5,1,4,3,2,2,6,1,3,1
FieAYtKo,0,0,0,1,1,0,0,2,0,0,0,0
yyJKe1H0,0,1,2,3,1,2,0,0,0,1,1,6
IICIBwCZ,1,2,5,1,3,2,1,1,4,3,2,3
nljgh2m7,0,1,4,2,3,1,2,2,2,1,2,1
c7gr3FBz,0,4,0,1,1,2,1,1,2,1,1,4
jzog8hPR,0,0,0,1,0,2,0,0,0,0,0,3
1lsCVv7d,1,0,0,3,3,2,0,4,4,1,1,2
6oCxh04n,1,0,3,3,3,3,1,0,0,3,2,5
ZOpEAa3A,0,0,1,0,2,1,0,3,1,1,0,3
QBy4sbcp,0,2,0,1,0,0,1,0,0,0,0,1
xgF0duiY,4,1,1,5,1,3,3,1,3,1,2,4
evNFi0jQ,0,0,0,0,1,3,0,3,0,1,2,0
6xz0zZ3D,1,2,1,2,1,1,1,4,4,1,1,1
FuamjVQC,0,1,1,2,1,3,0,1,1,4,2,2
cW0Fd1hp,0,0,0,0,1,0,0,0,0,0,0,0
CTz097F8,0,0,0,1,2,4,1,0,0,1,0,3
5P9Obs42,0,0,0,0,1,0,0,0,0,0,0,0
UPZHncG5,0,0,0,0,1,0,0,0,0,0,0,1
eKlKWfBB,3,2,5,0,0,2,0,4,1,2,1,1
Kqdfkr2F,1,1,2,1,1,2,0,4,0,0,1,3
oqPxFPo6,0,1,0,1,0,0,0,0,0,0,1,2
fotQstg0,0,3,2,2,2,2,1,2,1,0,1,1
sM1jIlHZ,0,3,1,3,3,0,0,3,2,2,0,2
4eeZGruU,0,2,0,2,1,3,1,2,2,5,1,0
9XCNPa18,0,1,1,2,0,1,0,1,0,1,2,1
xdCkvUt4,0,3,1,0,3,2,0,2,2,4,2,0
lDBODtYV,0,0,1,3,0,1,1,1,3,0,0,2
OL4SCGC3,0,3,1,1,2,1,0,0,1,2,0,2
ANmFP8IS,1,1,3,3,1,1,0,0,2,2,1,1
SsADSxQq,0,1,2,1,2,1,1,0,0,1,2,2
RtcYp8uI,0,0,0,2,0,2,0,0,0,0,1,2
8dXSDFLJ,1,1,1,5,1,2,1,0,1,3,2,3
WqqhchGq,0,6,3,1,1,2,0,0,0,5,0,4
vZx5OR4i,2,1,3,2,1,2,0,2,5,1,4,3
XQu7lETs,0,5,2,1,0,3,0,3,0,2,1,2
eYw3B10r,0,7,1,1,0,2,0,1,1,2,3,1
lMpXLtD6,0,0,4,3,3,2,0,2,0,1,1,3
wAdcKied,0,0,2,4,1,2,3,2,2,1,1,0
rSYmPSci,0,7,1,2,3,2,5,0,2,0,1,2
W5EtbHUz,0,1,0,1,0,0,1,0,0,0,0,1
0eeuk7yw,0,0,1,2,1,4,0,1,2,4,0,3
7XghDm51,0,3,1,1,0,3,0,0,2,4,0,1
IhwzRsta,0,0,0,1,2,5,0,2,1,1,1,2
w65ELLp5,0,6,0,2,1,1,0,3,1,1,3,1
MVIk8uWZ,0,1,5,1,1,2,0,3,0,0,1,2
3JlkEKoU,0,1,0,1,1,2,0,3,0,0,4,0
PQI1hMSs,0,0,0,2,5,3,1,2,3,1,4,1
GbXP2AAo,0,3,1,1,2,2,1,1,2,2,0,1
fAzuR3bC,4,0,4,2,1,3,2,3,5,1,2,2
HT4pDyLy,0,0,1,2,8,2,1,2,1,1,1,3
1wcRbbYS,1,0,0,2,1,1,0,2,1,3,0,2
xHq9m28w,1,0,1,1,0,3,0,2,4,2,2,2
Mk09maAp,0,1,0,1,1,3,0,1,0,0,3,2
tQWzf4Vl,1,5,0,2,0,3,0,6,0,3,2,1
rU9LSjEV,0,1,0,4,1,2,0,1,0,1,1,3
yLTEs3PR,0,1,0,3,0,3,0,3,2,2,2,0
wM43xNTp,0,1,0,1,1,0,2,0,0,0,0,2
1wtOeiSt,0,1,0,0,1,2,0,1,1,1,2,0
eMuN4jPj,0,2,6,0,2,2,0,2,3,2,0,4
lxTIzMYc,0,1,0,4,0,1,1,0,0,0,2,4
D2XdeRLb,0,1,0,0,2,1,0,0,0,2,0,2
8O5th1Jj,0,2,2,0,2,2,0,2,1,1,1,5
H9t5R70E,0,2,1,1,5,2,0,0,4,3,0,2
JZtwlDBJ,0,3,2,4,2,3,2,0,2,2,1,2
mOW0d50m,0,2,4,1,1,4,0,0,1,5,2,3
1B27xzQK,0,1,1,1,2,2,1,1,0,0,1,2
NBkUo7yz,0,0,0,2,0,1,0,0,1,1,2,1
15mSxIVp,0,1,2,1,2,1,0,0,1,3,0,3
lJCScHov,0,1,1,0,1,4,0,1,1,1,4,2
DFb8xrPU,2,4,1,2,1,3,5,3,1,1,0,4
v58vG2nS,2,1,1,3,4,1,0,0,3,0,2,4
SofmedXo,0,3,5,1,1,4,1,1,1,1,2,3
nBALUHIE,0,3,0,0,0,0,0,1,0,1,0,0
td5ZDYec,0,3,1,3,0,3,0,1,2,4,2,1
xFllA0Ga,3,6,2,1,3,0,2,7,1,2,1,2
xLcsxZi5,1,1,0,0,4,2,0,4,0,2,1,0
dZATYWep,0,1,0,5,1,1,0,3,0,1,1,1
xss0cZdm,0,3,0,1,0,1,0,0,0,0,2,1
GscPFlWd,0,3,1,2,0,4,0,3,3,1,1,2
yzBbrcHx,0,1,0,1,1,1,0,0,0,1,1,2
E9Y8suaM,0,2,1,1,1,2,2,1,2,2,3,0
S9XtIatQ,0,4,0,2,1,2,0,3,1,1,1,2
oU42kJtZ,0,0,0,1,1,3,0,4,0,2,1,0
7K5GjXog,0,0,0,0,1,1,0,1,0,0,2,0
3XdbrhFF,2,3,1,2,2,0,0,5,1,3,1,1
4fmj8VnA,0,5,0,4,2,3,1,0,1,2,1,1
wD91lbJt,0,1,0,0,1,1,0,0,0,0,0,1
uep35VyG,0,3,3,2,1,3,0,2,3,2,1,3
DSwHPute,1,0,0,0,1,3,1,2,4,0,2,2
XWUhMgbz,0,3,1,1,4,0,0,3,2,0,0,2
VKWyuFBa,1,3,0,0,2,0,1,2,0,0,1,2
KH5J05Qt,1,0,1,3,0,3,0,3,0,1,1,3
Ut6wVGoK,0,1,0,0,1,0,0,0,0,1,3,1
KMH1a9EQ,0,0,0,0,2,0,0,1,0,1,1,0
7cqUNzKU,1,2,4,0,2,3,0,1,6,3,3,2
B8eJ2NP2,0,0,2,5,2,2,1,1,2,0,2,2
H9O08vFD,0,0,0,2,2,1,0,3,0,0,1,4
ugNLSu61,0,3,1,0,1,2,0,0,2,2,2,1
ceSBkG8w,0,3,3,2,2,3,0,3,1,2,1,3
SfqlFNTv,0,8,1,2,0,2,1,4,0,3,2,2
em3wA2RI,0,0,3,3,5,3,2,2,1,1,2,2
83SVGDlT,5,2,1,3,1,1,0,2,5,1,2,3
fYcPNzXD,0,2,1,3,1,4,0,2,1,1,3,2
2tlSMiTG,0,1,1,1,1,3,0,0,0,3,0,2
4XsMwDA0,3,0,0,3,1,1,0,2,3,1,2,1
vmax0juz,1,1,0,1,5,6,1,2,1,3,1,5
RV9PRRwT,0,3,1,0,1,2,0,2,1,3,1,1
gx2Qh5nj,0,2,1,1,1,2,0,5,1,1,1,2
uVyCmxVA,2,8,1,0,3,0,1,4,4,1,2,1
9Rmp9ahE,2,2,3,4,0,4,0,1,3,5,0,3
EifhjgmP,0,1,2,3,2,2,0,1,4,1,2,3
cyYLPhZD,4,0,0,2,1,2,0,2,3,3,2,2
xrzhLXur,0,0,6,1,1,3,0,1,3,5,0,4
601ZlCMQ,0,4,0,0,0,2,0,5,2,2,2,1
UX1acPU2,1,0,0,0,3,2,0,1,0,1,1,3
LfafOyZf,0,0,0,5,2,4,0,2,2,1,3,5
P87bJC0S,0,5,0,2,1,2,0,2,0,1,1,1
WNqnKoXD,0,0,0,2,1,2,0,1,0,1,1,2
7ooml5ic,0,1,3,1,1,2,2,0,1,2,3,2
rM2tPVK5,0,0,0,0,0,2,0,0,0,0,0,2
d8dpth1s,0,1,0,4,1,1,0,2,0,2,1,3
3bppic65,1,1,1,1,1,3,1,1,3,2,3,0
XKvipOkz,0,2,0,1,2,3,0,3,2,2,0,1
eNYgaj4h,1,5,0,2,2,1,0,6,1,0,1,2
42QEuziR,0,2,5,0,1,3,1,2,2,4,2,3
yRct5V59,0,2,0,1,1,3,0,3,0,1,2,2
jsgAtV6K,0,2,0,0,1,0,0,1,0,0,0,0
Trml93zI,0,5,2,1,0,3,1,5,0,1,3,1
0DkahDmp,0,2,2,0,1,5,0,0,4,3,2,3
ZHckBvho,1,0,1,3,1,1,0,2,2,4,3,1
sbbaDzrM,0,3,0,0,2,0,0,0,0,1,1,0
WOMZdiVk,0,1,0,0,1,0,0,0,0,0,1,0
ZOUltXdR,0,1,0,0,1,0,0,0,0,0,1,0
AlK8UP43,0,1,0,0,1,0,0,0,0,0,1,0
Uk5YbrTM,0,1,0,0,3,0,0,1,0,0,1,0
UrRBZLsz,0,2,1,2,0,3,0,4,3,2,1,2
yLN1sDvM,0,4,2,1,1,3,0,0,1,0,1,4
CXwNkIua,0,1,1,1,2,0,1,3,1,0,1,2
QwRdU6yj,0,2,0,1,0,0,0,0,0,1,0,0
Z0OeqVgB,0,0,1,1,2,2,0,1,1,1,1,4
e9rIjaPM,0,1,2,3,4,3,2,0,1,1,1,4
C2oYDtox,0,3,0,3,1,1,0,2,1,0,1,1
LlHkzOPH,0,1,1,2,1,2,1,3,1,0,1,3
dk5MeRIj,0,0,5,1,3,2,1,1,5,0,3,2
P3liwuZd,0,0,0,0,1,3,0,1,0,2,3,1
tUx60Ul4,2,2,4,1,1,3,0,1,2,4,4,2
Xajmz0NO,1,1,0,0,0,1,0,1,2,3,1,0
UW5FSPXg,0,0,4,3,2,3,1,1,2,3,4,2
njakDx3C,0,2,0,1,0,2,1,0,0,1,3,4
j1Ru1Y8a,0,1,8,0,1,4,1,0,2,7,2,3
xa7c5B9B,0,2,0,1,0,3,0,0,0,1,2,2
mIDh4pvX,0,1,0,0,1,2,0,3,1,5,1,0
aDmZmDZn,0,2,1,0,2,2,0,2,1,1,2,1
aYWPnHmV,1,1,2,1,0,2,0,2,1,2,1,1
0zaaFn4J,0,2,1,1,2,1,0,0,1,0,1,2
6HSlsRqS,0,1,3,2,1,4,0,7,2,1,2,1
Hf7XJEI5,0,0,0,0,1,1,0,1,0,2,0,0
4YDvmUIn,0,0,0,2,2,1,0,0,0,2,1,3
JIsXn8O2,0,0,0,2,2,3,0,4,1,1,1,1
CxLbH8IL,0,2,6,1,1,5,3,1,3,2,1,3
50uFex90,0,0,1,1,0,5,0,1,1,1,3,2
U0blxaCD,0,1,0,1,2,1,0,2,0,2,0,1
J5sQegNN,0,0,0,0,1,0,0,0,0,0,1,1
qFbb4bHD,0,1,1,1,3,1,0,2,1,1,0,3
fMOs2Xyq,1,0,1,3,1,2,0,5,2,1,1,2
ynwsyiOs,0,2,0,0,0,2,0,0,0,2,2,1
iFQaD3ne,0,2,0,1,0,0,0,0,0,1,3,1
vxwmue90,0,2,1,1,1,1,0,3,1,3,0,1
qcFlK12a,0,1,0,1,1,4,0,0,1,1,1,2
c3S6pwho,0,1,0,0,0,1,0,0,0,0,2,0
W7Q3lz1u,1,1,0,1,0,7,0,1,1,5,1,0
KMKGdd3q,0,5,1,2,2,1,0,2,0,3,0,2
s3dWApFL,1,1,5,2,2,3,3,1,4,2,0,5
YCKpBlSV,3,0,4,1,3,3,1,2,1,3,4,4
9UODhHQx,0,2,0,1,1,3,0,0,5,2,2,2
567M52nH,0,3,3,5,0,0,1,0,4,2,1,3
PUWAV5eF,0,0,0,1,0,1,0,0,0,0,0,1
quNB8MBd,0,3,0,0,0,1,0,1,0,1,2,0
4Jb5P27K,0,5,3,1,3,1,0,1,2,1,0,3
1fDEKovc,2,2,6,1,2,2,3,4,2,1,1,3
CfCEjCd9,1,0,1,1,2,3,0,1,0,4,1,4
35ARvehK,0,0,0,0,0,0,0,0,0,0,0,1
0I8isePh,0,0,5,2,5,0,3,1,1,2,0,3
lYDkSewq,0,1,0,0,0,1,0,0,0,1,1,0
cd6MkxXy,1,1,3,2,2,3,0,5,0,2,0,3
Uv9aX6gf,2,1,5,4,1,2,1,1,6,2,2,3
8eAhtFrO,0,6,0,0,1,1,0,2,0,1,1,1
2pbch9VD,0,3,2,1,1,1,0,1,1,1,2,2
PuQmQk5z,0,0,0,0,2,0,0,0,0,0,1,1
UHWDhORf,0,2,1,3,2,1,1,0,1,0,3,0
blELz5do,0,1,1,0,3,2,0,1,1,1,4,2
H9xvcQyi,0,0,0,0,1,1,0,1,0,0,0,1
1X4CsHyE,0,4,0,1,0,3,0,0,2,1,2,0
aOiGiuVQ,0,1,0,1,2,0,0,0,1,1,1,1
P3yUBGNg,1,0,4,4,2,3,2,1,3,3,2,4
lKLmZbN4,0,3,1,0,2,3,0,1,1,3,1,2
oZevainv,0,2,0,0,0,0,0,1,0,0,0,0
xEgEd0Jp,0,2,1,1,2,3,0,0,2,2,3,2
CNvgxBva,0,2,2,0,5,1,0,0,0,1,3,2
y5e13wHW,0,2,1,0,3,0,0,2,0,1,3,2
HinqIc0K,0,0,1,1,1,2,0,1,0,2,0,2
OVMQCCsA,3,1,2,2,0,5,0,0,4,5,3,2
3fJ82mwA,0,0,2,2,0,2,1,1,0,2,1,0
3XXavVCU,0,1,0,0,0,1,0,1,0,1,1,0
j0C88DNn,0,1,6,2,2,3,0,4,1,2,1,3
qWP1Vd6I,1,1,0,0,2,2,0,0,1,1,2,2
eEcvJqeE,0,5,0,0,1,2,0,1,1,1,1,1
xHMErIWe,0,1,3,1,1,2,0,3,3,4,1,0
30XD07iM,0,2,3,2,2,2,2,1,2,2,1,0
mwWeUgpO,0,3,0,1,0,2,0,4,0,0,1,0
ly3XaJvz,3,0,2,2,2,4,1,1,4,1,3,2
HLgZJCGm,2,1,3,1,1,5,1,1,5,5,0,3
eWcBQKoE,0,0,0,0,3,1,0,0,0,1,0,1
OxZicdxm,2,0,0,3,1,2,0,1,3,3,4,1
fS2JlAaP,0,1,4,2,1,4,0,1,4,1,5,2
Rle83P53,0,2,2,2,2,2,0,3,4,0,1,2
ZnQ3wPYl,0,2,2,1,0,2,0,8,1,3,1,0
RC6Aor3j,0,1,0,0,0,2,0,1,0,2,0,0
7l4SdZL0,0,1,0,0,1,1,0,1,0,1,0,0
G4C5a4NJ,0,0,0,0,0,1,0,0,0,0,0,0
Vu7rtlEJ,0,3,1,1,2,1,0,2,2,1,2,2
QXLc1x3L,1,3,0,3,2,0,0,1,1,2,1,3
NmjiVauK,0,1,0,4,2,1,0,1,0,1,1,1
lOOrgN6o,0,0,1,0,2,1,0,2,0,0,2,3
NFEc9Lrc,0,1,0,0,0,3,0,2,0,2,2,0
7qWThzU8,0,1,2,2,7,1,0,1,1,1,1,2
x1aeAXuh,0,2,0,0,1,0,0,0,0,0,0,2
q0hHJkle,0,0,1,0,2,2,0,1,0,1,1,2
276O9aM5,0,1,0,0,0,5,0,2,0,2,1,1
ZGhKWxG2,1,2,1,3,0,2,0,0,4,3,2,4
BXhLHwB9,0,0,2,2,1,1,0,3,0,2,0,2
tTXUo1TQ,0,1,0,2,5,2,0,2,3,1,2,0
i3MOwltI,0,0,0,0,1,2,0,0,0,2,2,3
rElobFl9,0,0,7,1,2,2,0,0,1,2,2,2
XkF0jwDh,0,3,0,0,0,3,0,2,1,4,1,2
6zNIvBDY,0,1,1,0,0,4,0,2,0,3,2,1
n9ofsw93,0,1,0,0,2,2,0,1,0,1,1,2
3dCb1Kig,0,0,0,1,0,0,0,1,0,0,0,0
h1LT5nkq,0,0,0,0,0,1,0,0,0,0,0,0
NOEBXxG6,0,0,0,1,0,0,0,1,0,0,0,0
QtPZsZ6A,1,1,0,0,1,1,1,1,0,2,1,1
j7RwjO3t,0,0,0,0,0,0,0,0,0,0,0,0
PoktrRrc,0,2,6,3,2,2,3,0,4,1,0,5
LnUpRGmJ,0,2,2,4,4,1,0,0,4,3,0,2
m5cfaWE5,0,0,0,4,0,2,0,0,0,0,2,1
V3DSMpWu,0,0,1,1,0,3,0,1,0,2,1,1
9xiokMuZ,0,1,2,1,1,2,0,2,0,1,2,3
SNBI2VHN,0,5,0,1,3,2,0,1,1,1,0,2
XIQf9SIh,1,1,2,2,3,2,1,0,6,1,4,1
OuIS4FNN,0,3,1,1,1,1,0,2,4,1,0,2
z9giThmb,0,1,0,0,1,2,0,0,0,1,2,2
D7IdxSxU,0,4,1,1,1,1,0,1,1,1,0,1
9GBMozBP,0,0,0,0,2,4,0,0,0,1,1,3
2QzCtrcW,0,0,1,3,3,3,0,3,0,1,1,0
sEcXEJ9L,2,0,1,4,1,1,0,1,1,3,3,0
S6KtfohL,0,0,6,3,2,2,0,1,4,2,1,2
gTLpXavu,0,4,0,0,2,1,0,2,0,2,4,1
JQNn9XKt,1,3,2,2,1,3,1,3,5,1,0,4
BeJqtwus,1,0,0,1,0,3,0,2,0,2,0,2
ywL2NCNe,0,0,0,0,0,1,0,0,0,0,2,2
zyxR3BC7,0,3,2,2,1,1,0,2,0,1,2,2
Wl8wU0aX,0,1,1,1,5,2,0,2,2,1,0,3
nQoDIKJ8,0,0,0,0,1,1,0,0,0,1,1,2
jnMSeLTg,0,1,1,3,2,0,0,0,2,0,2,3
nUnIw4oL,2,0,2,1,1,4,0,2,2,2,3,3
gBMlwn9a,0,1,0,1,0,4,0,1,2,2,2,1
ee7NNLjV,0,0,0,0,2,2,0,1,0,2,1,0
EU7dk3Ft,0,1,1,1,1,4,0,1,1,3,1,3
1LbkBTOz,0,1,1,1,1,3,0,3,1,0,3,2
qVdYipIv,2,2,1,1,2,1,2,4,0,2,0,3
QaXL5rpY,0,2,3,2,0,3,0,0,0,2,1,6
d0IF2U15,0,2,0,3,5,0,1,0,1,0,0,2
chlf7JID,1,0,1,3,1,3,0,1,3,2,2,2
AAlRlTTB,0,0,0,2,0,2,0,1,0,1,5,0
21OSICSo,0,0,2,0,1,1,0,1,1,0,0,1
sUE0YjP3,0,0,2,1,0,5,0,1,1,1,6,2
da8wW0qX,0,2,0,1,3,1,0,1,1,0,2,0
BaKWykxc,0,0,0,0,0,1,0,0,0,1,0,0
tYYO0yhb,0,4,0,2,0,1,1,1,1,0,1,2
ZVuJ0ApD,1,0,0,1,1,2,0,1,0,2,1,4
FnH8gd0r,2,1,1,2,0,3,0,2,4,1,1,5
LiBUY8E2,0,2,0,0,2,2,0,1,0,2,1,2
dHMUV0gb,0,0,0,2,0,3,0,1,0,1,1,4
myHtcwdY,1,0,3,1,3,0,0,2,2,3,0,0
DRQmItVp,0,2,0,2,0,1,1,2,0,0,1,2
J93dhN5S,1,1,0,2,1,1,0,0,0,2,0,3
VdiOK1m9,0,0,1,1,0,3,0,3,0,1,3,0
s7LQF9Eb,0,3,2,2,3,1,0,1,1,1,0,7
bTONnqOR,1,3,3,0,0,2,1,0,3,3,2,5
DVwqKpQW,0,4,1,1,0,4,0,0,2,1,1,3
UF5kLLJ6,1,1,2,2,1,5,0,0,4,4,0,5
3V0sW8tf,0,3,8,3,1,1,3,0,3,1,1,5
q8T7WJxQ,0,3,2,1,1,2,2,3,1,2,3,3
9YbP9YwA,0,0,0,1,0,2,0,0,0,0,1,1
YiNMLNGe,0,2,4,2,1,2,0,2,1,1,3,1
DIaiFY31,0,3,0,2,2,1,0,1,0,0,3,4
K3f5S9ia,0,0,1,1,0,5,0,1,1,1,3,2
oHrmuWyr,0,0,0,2,0,4,0,0,0,0,0,5
L7NHZKaG,0,2,0,3,2,1,0,1,0,0,1,5
KX7BFM5m,0,2,0,1,1,2,0,1,0,1,3,3
Ke0UHI5I,0,0,1,0,0,7,0,1,3,2,3,3
VY9G8h1m,0,1,0,0,0,2,0,1,0,2,0,0
LS4RMDpe,1,0,3,1,2,5,1,2,4,2,2,2
1e4niPaR,0,5,0,1,0,1,0,1,2,1,3,0
TESBQ2sX,0,0,2,1,0,2,0,2,0,1,2,3
TnjWrqbU,0,6,0,1,0,1,0,1,0,1,3,1
IF4gZmmC,0,0,1,2,1,2,0,2,0,2,0,3
jnTsgyTM,3,1,3,1,0,4,1,2,1,2,1,4
h0FdApaR,0,0,0,1,1,2,0,2,0,1,1,2
EFZgd8oI,2,3,0,3,4,1,0,1,2,0,3,3
leo1zOKV,2,2,4,2,1,2,0,2,4,2,6,0
DwRtleWc,1,1,3,2,1,2,0,4,4,0,1,3
HWSJ3f4j,0,1,0,0,3,1,0,3,0,1,0,2
uU4fXHu9,0,1,0,2,0,1,0,0,0,2,0,2
soDo4VE4,1,4,2,1,0,1,1,0,0,2,3,4
pfc2ImAB,0,2,0,2,0,1,0,1,0,0,1,2
cxD7gzWt,0,3,0,0,0,2,0,0,0,1,1,1
i9ys4Ygg,1,1,2,0,1,4,3,0,1,2,3,2
LViMedKO,0,0,0,1,1,2,0,1,0,2,3,1
q2ozoGp9,0,0,0,0,2,2,0,2,0,1,1,1
f8wYX7hz,0,1,1,1,2,3,0,1,1,0,2,4
WWeYP7fa,2,2,1,3,1,1,0,0,2,3,1,5
6zUa3HAE,1,1,0,0,1,4,0,1,3,1,1,1
s3CeEQvz,0,4,1,5,0,3,1,1,0,3,2,2
WYl1FChP,1,1,0,3,0,3,0,4,1,3,0,4
J5EIL5l9,2,3,5,2,1,2,0,5,3,0,2,4
t0Iymhre,0,1,1,1,1,5,0,1,3,2,1,3
59XhCtgx,0,1,4,3,1,1,0,1,0,2,2,1
XdZy4FhF,0,1,0,1,0,1,0,2,0,1,0,2
tUD5zDmN,0,3,1,1,1,1,0,5,0,3,1,2
gZPdcZY8,0,2,3,5,2,2,1,2,0,0,6,1
uESju2Bb,0,2,1,0,2,1,0,1,0,2,6,2
fWg9tuL2,0,4,0,1,1,2,0,3,0,1,1,1
5C6lbi13,0,8,1,1,3,0,0,4,2,4,0,2
MFvG5aPz,0,1,0,2,3,2,0,2,2,2,0,3
RCRw45F2,0,1,1,2,0,4,1,0,1,2,1,3
DeH0VB7V,0,0,0,0,3,2,1,1,1,3,1,0
ggNTTpSU,0,0,7,1,1,3,0,1,5,4,3,0
xZfb2h0a,0,2,2,3,0,3,0,0,1,4,0,5
U6VUNHEa,0,2,1,1,3,2,1,1,2,2,1,2
nXRDTi2h,0,1,3,2,2,3,1,2,1,2,1,3
68r6Xi8I,0,0,0,2,1,1,0,1,0,0,0,4
tZcpg70W,0,2,0,0,4,2,0,4,0,3,0,1
zzZHnN42,0,3,0,2,3,0,0,1,0,1,1,2
Jf9ms4cp,1,6,1,2,0,4,0,3,2,3,2,2
4y27HIE1,0,1,0,1,2,1,0,3,3,0,1,1
8kaPB8V1,0,2,1,2,0,3,0,2,1,0,0,4
nBqeu47i,0,1,0,3,1,2,0,2,1,0,1,3
dnSvz91D,0,1,1,1,1,2,0,4,1,1,3,3
O69Ic64X,0,0,0,3,5,2,0,2,0,1,0,3
yagyocZ5,0,0,0,1,3,0,0,0,0,0,0,3
5qEH2GdI,1,4,2,0,0,4,0,2,2,2,2,2
Jvv5QWKY,0,0,1,0,1,1,0,3,1,0,2,2
gkpoVjhW,0,3,2,0,1,4,0,5,0,1,0,2
TerkVVJ6,0,4,0,0,1,1,0,2,0,1,2,0
CQmWpW3z,0,2,1,0,1,2,0,1,2,2,2,2
OALsBvZ4,0,1,0,1,0,1,1,2,0,1,1,1
7l0e3JUX,0,2,1,2,4,0,0,1,2,2,1,1
bwf85wcY,0,1,0,2,3,2,0,0,1,1,2,3
EAyElHDL,0,1,1,1,2,2,0,1,0,2,4,1
SYdWFHVM,0,1,0,0,4,1,1,0,0,1,2,1
HJVDilnF,0,7,2,3,2,1,3,3,2,0,0,2
ErlN2GUt,0,3,0,1,0,0,0,2,0,0,0,2
rUIEe34e,1,4,1,2,3,3,0,0,4,1,2,2
8hvLQQck,2,1,0,1,1,4,2,0,0,3,3,2
nOFBpuee,0,1,0,2,2,2,0,1,1,1,3,5
SQ3zFS2A,0,0,3,4,0,1,1,4,0,0,0,1
ziLuT2Zu,2,0,3,1,2,2,0,2,2,1,4,4
zVy8vSUY,0,1,0,0,1,1,1,0,0,0,1,1
8BnZZrh0,0,1,1,0,1,1,1,1,4,3,0,1
AC29Y0QZ,0,1,0,1,0,0,0,0,0,0,0,0
baG5BS57,0,4,1,0,1,2,0,0,0,1,1,3
mqM87okc,1,0,0,0,0,1,0,0,0,2,1,1
EFpW3vx0,0,2,2,2,5,2,1,2,1,1,1,3
chF2YRye,0,0,0,1,1,1,0,1,0,0,0,1
fcSth1NQ,0,0,9,2,0,3,1,2,2,1,1,4
QaN8gaLJ,0,1,4,1,0,4,1,1,1,3,1,3
10EBI9C4,0,2,2,3,2,1,3,0,1,3,2,0
lB9L1Abn,0,0,0,0,1,2,0,1,0,2,0,1
MansOoLs,0,2,1,1,0,3,0,7,1,2,1,2
LoOOVZAH,0,1,2,1,1,1,0,0,2,3,0,1
dl0av9d5,0,0,0,1,0,4,0,1,0,0,2,2
d4xMZOC5,0,0,0,1,0,0,0,0,0,0,1,0
1SUJUo4j,0,3,0,2,3,0,0,1,1,1,0,5
jB4sleeL,2,1,3,3,1,5,2,2,4,1,1,4
PWuWxkJ8,0,1,0,4,1,2,1,0,0,1,0,4
BVyDHuGu,0,3,1,0,1,1,0,1,1,3,2,1
Z4o7C6VA,0,7,1,1,0,2,0,3,1,1,0,4
w2KVN2FJ,0,2,3,1,0,1,0,5,1,1,1,0
WKHjbO76,0,0,2,1,0,3,0,3,2,0,1,2
1BJPxwiB,0,1,2,2,0,2,0,1,0,1,3,1
vvb55zha,0,4,2,4,2,2,0,2,2,1,1,3
zoBW3Oyj,0,0,0,0,2,0,1,0,0,0,0,0
GEJJceaa,0,3,0,1,1,0,0,0,0,1,2,2
8vnfpuvR,4,0,1,1,3,4,0,2,6,3,1,3
yixfmhXd,0,6,2,0,3,1,0,1,0,0,1,0
cbOg2FrP,0,2,0,1,3,2,0,1,1,1,0,2
8Y69IrXa,0,0,2,3,1,2,0,2,1,1,2,2
vcsWHOAV,2,0,7,1,2,3,0,1,7,4,1,2
hTRfz8s0,0,1,0,0,0,0,0,0,0,0,1,1
MCOxDajD,0,2,1,1,3,2,0,0,1,0,3,3
54JuJMX6,0,1,4,1,0,0,0,3,1,1,0,1
dXEJ3q0T,0,0,1,1,1,3,1,2,1,2,2,0
JFWVAiVf,0,3,1,2,3,2,0,3,2,1,1,1
XSullLI4,0,0,1,1,1,2,0,1,3,0,1,2
3dacepVD,1,1,1,1,1,2,0,2,0,1,0,4
6ZCAhYCy,0,4,4,1,0,3,2,0,0,2,1,2
w8o0MVwI,0,4,1,1,1,1,0,2,3,1,0,4
VHKGizoA,2,2,1,1,1,2,0,4,1,4,0,3
Jyvxvrgj,0,1,0,1,1,1,0,0,0,1,1,1
YVKh1YbC,0,0,0,0,4,1,0,4,0,2,1,0
j0zF2Rd3,0,1,0,1,2,1,0,0,1,0,0,4
zg4gARxU,0,0,1,0,3,0,1,1,0,0,0,1
i2fmZSFo,0,1,2,2,1,1,0,2,1,3,1,4
SzuyCGM5,0,1,0,2,1,3,0,0,1,4,3,1
axW5yUZh,2,4,1,1,2,2,0,0,1,0,3,4
LoTC56CJ,0,1,0,1,0,1,0,1,0,1,0,0
R5sjaeyc,2,2,2,4,1,3,1,1,1,0,2,4
rrk5p5Rs,0,1,2,0,0,2,0,2,0,2,0,2
IMasTu8C,2,0,0,1,2,3,1,1,0,3,5,1
yiZS0RDi,0,0,0,0,0,2,0,0,0,0,0,0
plxzOn3J,0,3,0,1,2,3,0,1,0,1,1,2
g8a6MUfr,0,8,0,2,0,1,0,3,0,2,0,1
QRCROiDo,1,1,0,0,2,3,0,2,0,2,2,4
uEmJt8Bz,0,3,1,2,2,0,0,1,1,1,2,1
XSDTHg5x,6,1,1,2,0,5,1,2,1,2,6,3
kiJ2KNHS,0,0,0,1,0,1,0,0,0,2,1,1
uzXmn25G,0,0,1,0,1,0,1,0,0,1,3,1
aRxcUniw,0,0,0,3,1,2,1,2,0,0,0,2
3iE25AX1,0,0,2,2,1,2,0,3,0,0,0,4
4F7jrZv1,0,1,0,0,3,2,0,0,0,2,0,3
xq8LrYtZ,0,1,1,0,1,2,0,0,0,1,0,3
ELnrs6E5,0,0,0,0,0,3,0,0,0,1,1,1
jBxa9l9j,0,2,2,1,0,3,0,2,1,2,1,4
TjkVuchv,0,0,3,4,2,2,1,2,2,2,1,1
pa9bBEp7,0,2,0,1,0,1,0,0,0,2,0,1
tURWEMPu,2,0,0,2,4,2,0,0,1,0,2,3
PRPamrNX,0,0,2,2,0,3,0,2,2,1,1,2
ZvKPunpR,0,1,3,1,3,1,0,0,1,1,0,5
GQnW8lAt,0,0,3,1,0,3,0,4,1,2,1,2
SyrowBTh,0,1,0,2,2,2,0,1,1,0,0,2
zcX7XzOw,1,0,3,2,2,2,1,3,0,3,3,2
0HIrTiUy,0,0,2,2,1,1,0,4,0,3,2,1
oUpUNaHE,1,2,4,3,1,2,0,2,0,1,0,4
8O85IGSx,0,0,0,0,0,2,0,2,0,1,0,2
4A5wY335,0,2,2,1,2,4,1,1,2,1,1,3
sgPyyJJ8,0,2,0,0,0,2,0,0,1,1,0,1
dv6J3oj8,1,3,2,1,1,2,1,0,1,4,2,1
K8uPbHBP,0,5,1,2,0,2,0,0,4,3,2,2
NJz5IGr7,0,5,5,0,1,2,1,0,0,2,1,2
gcJmUTpv,3,1,3,2,1,2,0,2,7,0,3,2
JxeIgGsS,0,1,0,0,2,1,0,0,1,3,0,3
qy4tXJ2P,0,0,1,3,1,3,0,5,1,1,3,2
mTmkomqi,0,3,2,1,2,2,0,3,1,0,2,3
Md255cKH,0,1,1,1,0,1,0,0,0,1,1,1
gnKlTaIH,1,1,1,1,0,7,1,2,2,2,1,5
XewD3gya,0,1,1,1,1,2,0,4,1,1,0,2
GeA0VgkO,0,0,1,2,0,4,0,6,1,2,3,1
v5XTQ7qN,0,3,4,1,1,1,0,2,2,1,3,1
srEgOH1Q,0,3,0,1,0,3,0,1,0,1,0,2
Puq4b4ff,0,3,0,2,1,2,0,1,0,1,1,3
FNePYKjD,0,1,2,6,0,2,1,0,0,2,3,1
OnslAk0D,0,0,1,0,0,0,0,2,0,1,0,0
d7HWaqyg,0,0,0,0,0,0,0,0,0,0,0,0
I0cTca7X,0,0,0,0,0,1,0,2,0,1,0,0
fW2vPgNm,0,2,1,1,1,6,1,1,0,2,1,2
QbQ2Use2,0,0,0,0,0,0,0,0,0,0,0,0
mQi0ZMb8,1,4,1,1,3,2,0,1,1,2,0,5
oRcuPVov,0,1,0,0,3,0,0,3,0,3,1,1
lDuMafoA,0,2,1,1,1,2,0,0,1,1,1,5
NmPhNFpa,0,2,0,1,0,2,0,1,0,1,3,3
ItqIymI3,0,1,0,1,2,1,0,3,0,1,1,2
9xnQHVoV,0,0,0,0,0,1,0,0,0,1,1,0
pWP6QuqQ,0,2,1,3,0,1,2,0,0,1,1,3
p9j7hCPh,0,2,0,2,4,1,0,0,1,1,0,3
brIbxaiT,1,0,2,2,1,4,0,5,2,3,1,1
CI6RRsRr,0,0,0,3,0,2,0,1,1,1,1,1
4n756W2v,0,1,0,0,1,2,0,0,0,0,1,2
D0Chhcup,1,0,0,0,0,2,0,1,0,1,0,2
r6nY9uKI,0,1,0,3,2,1,0,1,0,0,2,3
xjPCgcVa,0,2,0,1,1,0,0,1,0,0,1,1
QifP3Qbt,0,1,1,2,2,4,1,3,0,0,0,4
BASiNXTK,1,1,4,1,2,5,2,2,1,2,0,3
r0EHw4bf,1,0,1,4,1,3,1,2,2,1,2,2
ex0pvCkD,0,0,4,1,2,3,0,1,0,3,2,3
LHxhmVFf,0,3,0,2,0,1,0,1,0,1,1,2
y5BUKo57,0,0,1,3,5,2,2,0,1,2,4,1
rAIREvuT,0,0,2,1,0,2,0,2,1,5,1,1
us12IgEQ,0,1,1,2,1,3,0,0,4,3,1,3
MQjxlSqp,2,1,4,2,2,2,1,6,3,0,1,3
TCUgekoW,5,0,0,2,1,3,0,1,4,3,0,7
HISEIGob,0,5,1,2,2,4,1,1,3,1,0,3
TgBl907a,0,2,1,0,3,2,0,1,2,3,2,2
4qWOqwwg,1,0,1,0,0,3,0,0,0,1,4,2
OeCiNA2C,0,5,0,0,1,2,0,3,1,2,2,3
bGYQxuQa,1,1,1,1,2,1,0,0,2,3,1,1
Pbl8o99y,0,2,1,2,2,2,1,2,2,1,1,3
ZYhC4TzI,1,4,1,2,2,2,0,2,1,2,1,1
1bhdpAaA,0,2,4,1,0,3,0,0,2,3,2,3
YuPfpvm2,0,5,0,0,1,3,0,2,3,1,2,2
e8NAwhxa,0,2,3,1,1,3,0,1,0,3,2,1
GqpzTBuf,0,0,1,2,1,3,0,1,0,2,0,4
bNkev3hw,0,2,2,6,2,2,3,2,1,2,0,4
oZQb7Eg6,0,1,1,2,1,4,1,3,4,0,1,3
JGgHKfTQ,0,0,0,2,2,1,2,0,0,0,1,3
dYbJhMWy,0,3,0,0,1,1,0,1,0,1,0,1
FHt5TOeM,0,3,0,3,1,3,0,1,5,2,2,3
FMomViWB,0,2,0,1,0,1,0,1,0,2,1,1
ukDxwEkz,0,0,0,1,1,3,0,1,0,1,1,2
0PcMmIUu,0,0,0,2,2,4,0,1,1,2,2,3
Ws7m5zGF,0,1,0,2,1,4,1,5,1,2,1,0
QnCLwzVA,0,2,2,2,2,1,1,2,0,1,2,4
attQ5n4A,0,0,0,1,1,1,0,0,0,4,2,0
xwjFhtjY,0,0,0,0,0,2,0,0,0,0,2,2
mjku3pMe,0,0,1,1,0,2,0,1,2,2,3,0
KWPQsgLO,0,1,0,0,1,2,0,0,0,3,1,1
CN6qJpNs,0,2,0,2,2,2,0,1,2,1,1,2
0Sqjxx5I,2,1,3,4,1,2,1,1,5,1,1,4
XbuvAGdl,0,3,0,0,0,2,0,1,1,0,2,1
5da9jeEG,0,0,0,1,2,1,0,2,0,1,0,2
6HrDERH7,0,1,0,0,0,3,0,1,0,4,3,0
zKVV246w,0,4,5,2,3,2,3,0,7,1,2,1
PJtklpz7,0,4,2,0,1,1,0,6,1,1,2,1
rdjfyAxb,0,1,1,4,0,3,0,0,5,4,2,1
h6AwbBp7,0,4,0,3,2,1,0,1,2,0,1,2
bmr30kCa,0,2,0,1,1,1,0,5,1,1,1,1
NR1A5oaI,0,2,0,1,1,2,0,0,1,1,0,3
uDE3e5Fy,0,2,3,3,1,0,0,0,1,2,1,4
YX1EXEZV,0,1,1,1,0,1,0,2,1,1,0,1
WbGo6f8M,0,0,0,2,0,1,0,0,0,0,0,1
zeuBCm2B,0,2,2,1,0,7,2,3,5,2,1,1
Wmcve6hZ,0,1,0,1,2,1,0,1,0,1,2,3
J1MHqt0y,0,1,0,2,1,3,1,2,0,4,1,1
Hua56yRT,2,0,2,1,5,2,2,1,2,1,0,5
y1uAt0N1,0,1,1,0,0,4,0,4,1,2,2,2
SDF9Rc7I,0,0,5,3,0,4,1,3,4,0,2,4
4QslnLGS,1,1,2,1,2,3,0,0,3,1,3,4
qdCF7lBR,0,3,1,1,0,3,0,0,1,2,1,3
Hjo688An,0,2,3,0,1,4,0,1,0,3,2,3
CKipyNTQ,1,0,0,1,0,3,0,1,1,2,2,3
6ozfVrFt,0,4,1,3,0,1,0,1,0,1,1,3
b3OfLR1n,0,0,1,1,0,3,0,0,0,1,2,2
H8Y7AcuW,0,0,2,4,0,3,0,1,3,2,3,3
BAHdkOPH,0,4,0,1,0,0,0,1,1,3,2,1
C8i8Va4Q,0,1,0,1,1,2,0,3,1,1,0,1
3WWpCFbs,0,1,1,1,1,2,0,1,0,2,3,1
n0R1dBG7,1,1,7,0,1,5,2,1,3,3,2,3
jl09uyaS,0,1,1,2,1,6,0,1,4,5,2,2
cgnyFMD6,1,4,1,1,1,1,0,4,2,1,0,3
5Fimszvd,0,1,3,4,2,1,0,0,0,1,0,4
ND0oOM9N,0,6,0,0,1,0,0,3,4,1,2,1
Wl6TntEV,0,1,0,1,0,2,0,0,0,2,0,2
How5UuzY,0,0,0,2,2,1,0,1,0,0,1,2
Q8JAT8VY,0,1,0,1,0,2,0,0,0,1,0,2
RBdPCfs0,0,0,1,3,2,1,0,1,0,0,1,3
Ek5i5FIM,0,2,0,2,1,1,1,1,0,0,4,2
ua5vY3nL,0,1,0,2,1,1,0,2,0,1,1,2
dXLesy07,0,1,0,1,1,3,0,1,1,2,3,1
ImTT90Jz,3,1,8,0,1,2,0,2,5,1,1,2
K4mm6rVQ,1,3,2,1,1,2,0,0,3,2,0,4
gO28SaWw,2,0,1,1,1,1,0,5,0,0,2,3
KDF37S7x,0,1,0,2,3,3,0,3,1,0,1,2
W32N1sNX,0,0,0,1,2,1,0,1,0,0,3,2
0WefYvD3,0,0,1,4,1,1,0,3,0,1,0,5
yrbbfSos,0,2,0,0,4,0,1,0,0,3,0,0
DBXW4DrB,0,3,1,2,1,0,0,1,1,1,1,4
Tzj3KZKf,1,0,0,4,4,0,0,1,4,0,1,2
qraHgWtW,0,2,1,1,0,3,0,1,0,3,2,2
upwi7dI3,0,1,0,2,0,1,0,0,0,0,1,2
MwxecJxu,0,1,0,1,1,2,0,1,0,3,2,1
6WMUC9EE,0,4,1,1,1,2,0,1,1,2,3,2
tMAeLxwb,0,0,5,2,4,2,0,1,2,1,3,2
MGYvz5QB,0,2,1,1,1,2,0,1,3,2,2,1
ddLEgTPU,0,2,1,3,1,3,0,4,1,0,1,2
0dl6IUQo,2,5,0,1,1,2,0,3,5,2,2,3
PbXUqe1g,0,0,0,3,4,1,0,5,1,1,1,5
JPv7xmCx,0,0,0,0,0,0,0,0,0,1,0,0
6u6px8qV,0,1,0,0,3,0,0,2,0,0,2,2
VBj23BY9,0,0,0,0,0,2,0,1,0,1,1,1
SVWFuCv6,0,5,2,1,1,0,0,1,2,4,1,1
trWi3eRl,0,1,2,5,0,5,0,2,2,1,5,2
TNvSj8Hm,0,2,2,1,0,4,1,5,1,1,1,3
azKJ1ntM,1,1,1,3,2,1,0,0,2,3,2,1
QYq6zwyA,0,0,2,2,3,1,0,2,0,4,0,3
lGhI4Ttx,0,2,1,0,1,2,0,2,2,1,1,3
xDKTpP0Z,0,3,0,1,2,2,0,0,0,1,2,2
VykwMd6F,0,3,0,0,1,2,0,0,0,2,2,1
6DNeTY5H,0,2,0,3,2,2,0,1,2,2,0,4
dH06Xhrf,0,1,2,3,1,2,0,1,3,2,2,3
MaZA4UV7,0,1,4,4,1,3,2,1,1,1,1,3
hLIzOHac,0,5,2,3,0,3,0,3,1,3,0,4
bdUsuQN5,0,0,2,0,0,4,0,0,0,3,2,2
rfZJoqXm,0,1,0,2,1,0,0,0,1,3,0,1
KOWs3HkG,0,1,1,2,4,0,1,0,2,2,1,2
sJW6MkVr,0,0,0,1,1,1,1,0,0,1,1,0
sdfzIEu0,0,1,2,1,5,2,0,1,0,1,1,3
0PHuOfAh,1,1,3,2,3,3,1,0,3,1,2,4
EXMy76M2,0,2,2,0,1,4,1,1,3,2,4,1
jMfxR2Te,1,1,0,1,0,0,0,1,0,1,1,1
KrA6LiAV,0,4,0,1,2,1,0,0,0,1,0,2
MK9bU91m,0,1,1,1,2,4,0,5,2,2,2,1
cNMfPPvO,0,2,0,0,0,2,0,2,0,2,2,1
UKUaCv6H,0,2,1,2,2,3,0,1,1,1,0,4
pKGr56uM,0,1,1,2,1,1,0,1,0,6,1,1
SbHWTYJC,0,1,0,4,1,3,0,1,0,1,2,2
Nnv5KOGj,0,1,1,2,6,1,0,3,6,1,2,3
1r6RcNV0,0,3,7,1,1,2,3,0,2,2,1,3
radCiwKa,0,1,0,1,4,2,0,0,3,0,3,4
zfahbBU1,0,1,1,1,2,0,0,1,0,0,1,2
qqf01jGH,0,3,1,1,2,3,0,3,1,2,1,3
b3IPidSP,0,2,2,1,0,2,0,2,0,2,1,0
kQ8yzn17,0,3,0,0,3,3,0,0,1,2,1,3
bfBkiMD8,0,3,6,2,0,3,2,2,5,2,1,0
Whu9BIAl,0,4,1,4,0,3,0,3,1,2,2,1
3vkSoVzK,0,0,0,1,1,2,0,3,2,1,3,2
dlgw3kSd,0,0,0,0,0,2,0,0,0,2,0,0
BjcALg1q,0,0,1,1,1,2,0,2,1,1,3,2
XBqtZ0AD,0,1,3,3,0,3,0,1,0,1,0,4
9ZhR4j0R,0,3,0,2,4,2,0,1,3,1,1,2
uR9Pzz95,0,0,0,0,1,2,0,3,0,1,2,0
3iT5DPb5,0,1,2,3,0,4,1,3,1,2,0,5
4uFbILlH,0,2,0,3,1,1,0,0,1,2,0,2
Zep1oQqE,0,6,1,1,2,3,2,0,1,1,0,6
Uze9QiYJ,1,1,1,1,5,6,2,0,2,1,4,3
8vv2Yv0y,0,7,1,2,2,1,1,0,3,1,2,2
y5t7Be6Z,0,2,0,1,1,2,0,3,0,2,1,2
6thk2Z6H,0,0,0,1,0,1,0,1,0,0,1,1
TNye8DZB,0,1,0,1,3,1,0,0,1,1,1,3
wKDc8PPB,0,0,0,1,0,0,0,0,0,0,1,1
QmGn7IBj,0,2,1,2,2,3,1,4,1,0,2,4
B73GdgNU,0,1,1,1,1,3,0,0,1,1,1,2
srhNPwg3,0,1,0,1,1,2,1,1,0,1,2,2
zsKngdwZ,0,0,6,3,1,1,2,1,2,1,4,4
flHPvPIW,2,0,0,1,1,4,0,1,3,2,5,3
wShFCEoi,0,3,0,0,1,2,0,1,0,1,1,1
05lPXAHw,1,1,1,1,0,5,2,2,2,2,1,2
Yqxo6h8m,0,0,2,2,0,2,1,1,1,2,3,1
VjpeiX53,0,0,3,1,1,4,0,0,1,1,1,4
EvmMLxnx,1,0,6,3,1,4,3,1,6,0,2,3
6VlQ6czm,0,2,2,5,2,0,0,1,1,1,0,2
RtAMBmWv,0,0,3,1,3,2,0,2,4,0,1,4
w6fwQrQa,0,1,1,1,0,2,0,0,1,0,3,2
WNd2LW3R,4,1,1,3,1,2,2,2,4,1,5,1
k8rMzYmb,0,2,2,3,1,0,1,4,2,0,2,3
k9zsxFEd,0,2,0,2,2,2,0,3,2,2,0,4
38KIZm6o,0,1,1,2,0,1,0,3,0,3,0,2
idT2QOVf,0,0,0,1,1,3,0,2,1,1,3,0
kuf6ky2B,0,0,2,6,2,1,0,0,2,0,1,3
6LhJe4mW,0,0,0,0,0,3,0,0,1,0,3,1
td9B6hDP,0,0,0,1,3,2,0,1,1,3,1,2
wDJafHT2,0,2,0,1,1,3,0,2,2,1,1,3
L6KqQc9W,0,0,0,1,1,2,0,2,0,2,0,0
O5wbCl24,0,1,1,5,1,1,0,0,4,0,1,1
Ip6A1Cdn,0,2,1,1,0,1,0,5,2,2,1,1
xziipPSk,0,2,1,0,1,2,0,3,0,4,1,1
40YDq9fa,0,2,1,1,4,2,0,1,1,1,1,4
VBcCCRcI,0,2,0,1,1,1,0,0,0,2,1,1
9Cx98HSY,0,3,2,0,1,1,1,2,0,1,4,1
Sr4V4qUF,3,4,1,2,2,2,1,7,2,1,0,4
OPEOOLcr,0,0,3,4,2,0,0,2,1,1,1,4
sRXmi47Q,0,0,0,0,0,0,0,0,0,1,0,0
LeKE2zdv,0,2,2,1,2,1,2,3,0,0,1,3
LcGPoeiu,0,3,0,0,3,1,0,0,0,0,1,2
KpS7MIT3,0,2,0,0,0,0,0,0,0,0,0,0
rXZ6B3on,0,1,1,8,2,2,1,2,1,1,0,6
47EGTVg1,0,0,0,1,3,1,0,1,0,2,0,5
89OnCrgp,0,1,0,1,1,3,0,2,0,1,1,1
4uwzcL3p,0,0,0,1,1,3,0,1,0,1,1,4
PUtyR9EU,0,1,1,2,0,3,0,2,0,4,1,3
R3NMwTtp,0,0,0,2,1,1,0,0,1,0,3,2
InfXQatq,0,0,0,0,1,0,0,0,0,0,0,0
WETnoIjW,0,0,0,1,1,2,0,4,1,0,1,2
krxziIwy,0,1,1,1,1,2,1,4,0,1,0,2
E3tSy3TH,0,2,0,1,1,1,0,2,0,1,2,1
fJ8vv2Bd,0,0,1,1,0,3,0,2,0,2,2,0
K5CPqbTB,0,4,0,2,2,3,2,0,0,2,0,3
i23MWAPY,0,1,0,0,2,4,0,0,2,3,2,2
H5HWgPLw,0,8,1,2,0,3,2,1,0,2,0,3
7WyNKvGO,0,2,0,1,0,0,1,0,0,0,0,1
Bn0MjGpS,0,2,3,2,0,2,2,3,0,1,3,1
kpMyK2c9,0,0,7,1,3,2,2,2,3,2,0,3
q17H8g0Y,1,1,1,1,1,1,0,5,0,1,2,1
04BeQuQF,0,2,3,1,1,4,1,1,3,3,1,4
DZCHIQie,0,5,3,2,0,2,0,1,3,3,2,2
M7OdHu9a,0,2,0,0,2,2,0,0,0,1,2,2
l1fYQA4M,0,2,0,2,0,1,0,0,0,2,0,1
9DUPiT9y,0,0,1,1,1,2,0,1,2,0,1,2
04w3VRD1,1,0,0,0,3,3,1,7,1,2,2,1
OXfCNacA,0,1,2,3,1,2,0,3,0,3,1,2
pm2ByVyv,0,1,1,1,0,4,0,4,1,1,2,3
0H14MOvo,0,0,0,0,1,0,0,0,0,0,0,2
hwszlY52,0,0,4,3,1,3,2,1,1,3,1,1
3foL2UU1,0,0,0,0,0,1,0,0,0,0,0,1
sbgPQXtv,1,3,0,2,0,2,0,1,3,4,2,2
CjhDjrdH,1,1,0,1,1,3,0,2,1,2,1,3
AVLVW0oh,0,2,0,2,1,5,0,0,2,0,1,4
kZd3wTAA,0,3,1,2,3,0,0,3,1,1,2,3
58A6DEdG,0,1,0,0,0,4,0,0,0,2,0,3
zYmqiFk3,0,2,3,1,0,4,1,0,3,1,4,3
2ma5rtiC,2,1,0,1,1,1,0,0,1,1,1,5
CNncTTp3,1,0,0,0,0,2,0,3,0,0,2,0
fWdfXFs7,1,0,1,2,2,1,1,4,1,2,0,3
SE6sLZlA,0,1,2,4,1,2,0,1,1,3,1,2
x570mIum,0,1,7,2,1,3,1,3,2,1,0,4
mVUMNCDz,2,1,6,1,0,4,1,1,7,1,3,2
K3d0QTt4,0,0,2,3,3,5,0,1,2,1,0,5
9IZWD795,0,0,1,2,1,1,0,3,0,1,0,2
aPcaKVRC,0,1,1,5,0,1,0,1,1,0,0,2
7tNTlcMO,0,1,2,2,2,4,0,4,3,2,1,1
hh9jgHTb,0,3,1,1,1,2,0,2,1,1,3,2
Z2Zodvk5,2,1,3,4,1,2,1,2,1,1,0,4
TUXloV0i,1,0,0,1,0,3,0,4,3,2,2,0
lfNJNvGY,1,4,0,3,3,0,2,2,0,1,0,2
tobxEJ96,0,2,1,2,0,3,0,1,1,1,4,2
DFPgCVHz,0,4,2,1,1,3,0,6,2,1,1,1
TTEkOlQH,0,0,1,1,2,3,0,3,0,0,2,3
GlqDq1DK,0,1,0,1,0,2,0,0,0,0,2,2
O9IuphJi,1,0,0,1,2,2,1,3,0,0,2,2
iHYGYTeH,0,1,1,0,3,3,0,3,0,0,2,3
RNppWWzo,0,2,6,0,0,5,0,1,3,4,2,2
iyTZRi1c,1,1,0,1,1,1,0,2,2,1,2,2
4EgAkO0N,0,1,0,1,4,1,0,2,3,1,3,1
zpxlkzza,0,1,1,1,1,3,0,2,1,1,3,1
oTnsTtZp,0,2,0,1,0,0,0,0,0,1,0,2
F5bMB1Ef,0,1,1,0,1,2,0,1,0,2,1,2
FgbIRJOY,0,4,1,1,1,1,0,1,1,1,1,2
5XvdZcMP,0,0,0,0,1,2,0,1,0,2,1,1
n9XtdKw8,0,2,1,1,4,2,1,0,0,3,0,4
OYf6L8oZ,0,1,0,0,0,4,0,5,2,2,1,2
By1dwVr0,0,5,1,4,0,2,0,1,0,3,2,2
cyMUz5r6,0,0,1,2,0,6,2,5,0,2,1,3
ixajMIbG,1,2,0,2,1,2,0,0,4,2,1,3
Iwn0PRXI,3,3,2,1,1,5,5,2,3,1,3,1
MfoJWtAE,1,3,0,3,1,1,0,0,0,2,1,3
JE0cITZg,0,3,1,1,2,3,0,0,2,4,3,2
5EJ3AE31,1,0,2,5,1,3,1,0,1,7,1,4
mhYg63MP,0,0,1,0,1,1,0,1,0,1,1,2
ZsIMBtuR,0,3,1,1,1,0,1,0,0,0,1,3
eT7rfpxT,1,1,2,4,2,3,1,0,1,2,2,4
xGpShefq,0,2,0,1,3,0,0,1,2,0,0,2
5Vm8nq3P,1,1,1,3,1,4,1,1,2,1,4,5
42iZoHZw,0,1,5,1,4,2,1,1,3,1,1,4
YraPFP2R,0,0,1,2,0,0,0,0,0,2,0,1
mlnFaPRY,3,4,3,2,2,0,2,2,1,2,1,5
2wFZOxfk,0,2,1,1,0,1,0,5,1,0,0,2
UurWQl10,1,0,2,1,1,2,0,1,0,1,0,5
51P3aVtd,0,0,4,1,2,2,0,4,0,0,0,3
L81HPYmm,0,2,1,2,2,3,2,0,2,1,2,3
2dh5dk2y,0,1,4,2,1,3,0,2,2,1,1,1
N6wpS5TP,0,0,0,2,1,2,0,3,0,1,0,2
cS85zB3v,0,1,1,2,0,1,0,0,1,4,1,2
rEw0WgYn,0,3,2,2,2,1,0,4,2,0,3,3
oYYdqsXp,0,1,0,1,2,3,0,1,2,1,0,4
YLWjxdni,0,2,0,0,1,1,0,1,0,1,2,1
Xt3Gnyaa,0,1,0,0,0,1,0,0,0,1,1,0
LdDb6LIU,0,0,1,2,1,2,0,0,1,3,1,2
RRoPJ9cK,0,1,0,2,1,2,1,1,0,1,1,2
wE7c7v7g,0,3,2,2,1,0,1,1,1,5,1,2
JLUR7Hhe,0,1,1,3,0,3,0,2,0,1,1,1
JSY0f6ht,0,2,4,3,3,2,4,1,1,1,2,1
iSqPFJve,0,3,1,2,1,2,0,0,2,1,2,2
DJWkaUQH,0,1,2,1,2,2,0,0,2,2,3,2
XKRnat2r,0,1,0,1,1,2,0,1,0,2,0,1
SwIl6dVX,1,0,3,5,2,1,1,1,0,1,0,4
DuoRhgLs,0,0,0,0,0,1,0,0,0,0,0,1
aeWwdmkS,1,5,1,1,1,5,0,6,2,2,2,3
ZLYhSzzo,0,1,0,1,1,3,0,0,0,1,3,2
Z8nEyFsU,0,0,0,1,1,2,0,5,1,1,1,2
0YZIqa5w,1,1,3,1,0,4,0,3,0,3,3,2
crTMzOgU,4,4,1,1,1,3,1,8,2,1,0,3
ErgRoPZd,0,0,0,2,0,0,0,1,0,0,0,1
8kccFbVv,0,1,0,1,1,2,0,0,1,0,1,2
LG7zN8RF,0,2,6,2,1,3,1,0,3,1,2,5
56hz3EwH,0,0,0,1,1,1,0,0,0,0,0,2
8myQvYwS,0,1,4,2,2,2,1,1,3,0,1,5
FpjfI7Nn,0,1,7,1,3,3,3,1,1,2,2,5
5yIv5ZCl,1,1,2,1,2,3,2,0,2,0,1,2
Eqdjwpun,0,0,0,0,1,2,0,0,0,0,1,2
MCuwqn86,0,1,1,0,1,1,0,0,0,2,1,2
0OamMnop,1,0,3,3,2,3,0,2,2,2,1,2
y6EduaNR,0,1,1,0,0,4,0,0,1,1,1,1
yS7ye3Jb,2,2,3,1,1,4,2,1,2,3,2,3
AbNnNy0s,0,0,0,0,0,0,0,0,0,0,0,2
isdpL7L4,0,0,0,0,3,0,0,0,0,0,0,0
60kSwreA,0,2,0,1,3,0,0,0,0,2,1,1
VN1zQimE,0,0,0,0,1,1,0,0,0,1,1,1
KPhS2FpZ,0,0,0,1,1,2,0,1,0,0,0,2
WzF0LCaj,0,0,0,1,0,0,0,1,0,0,2,1
c1visB14,0,3,0,6,1,1,0,1,1,1,2,3
4df1jkYS,0,1,1,0,1,3,0,5,0,2,1,2
MBjXX8gh,0,3,2,1,0,3,0,1,2,2,1,3
gY4nvBxa,0,1,1,0,0,0,0,0,0,0,3,1
xD6xJcIg,0,1,1,2,3,3,0,2,2,3,1,1
WEjmMZMe,0,0,0,1,2,0,0,0,0,0,0,1
lZagUs1f,0,1,0,1,2,0,0,0,0,1,1,3
yG6hAdV6,1,2,1,2,0,2,0,6,2,2,1,3
KtCddjOm,1,1,3,1,0,2,0,1,0,2,1,1
9iNPng1u,0,0,1,0,0,2,0,1,0,0,1,2
HvHYwFVb,0,3,0,2,1,1,0,3,0,1,1,0
QY86sFJY,0,1,1,1,2,3,0,3,1,2,1,1
xJWA1j8C,0,1,0,0,0,1,0,2,0,1,0,0
c8IKENjt,0,0,0,2,1,3,0,1,0,2,0,3
HYopf7fO,0,1,2,0,1,3,0,1,0,2,2,3
1wTsJXmq,2,3,0,1,2,6,1,4,4,1,1,3
V0Paqxxc,0,1,1,0,2,4,0,6,0,4,1,0
2vFjXPSD,0,1,4,1,1,3,0,0,6,3,0,3
1oqRIeIM,0,3,2,2,1,3,0,0,2,1,1,4
BRpGA7tQ,4,2,2,1,2,3,2,1,3,1,2,2
GhShYBA8,0,2,0,0,0,1,0,0,0,0,1,0
GY4UCja8,0,5,0,0,2,3,0,3,0,1,0,3
hUhbNCqS,1,0,0,3,1,0,0,0,0,2,2,1
UlXpEHq5,0,1,1,1,3,0,0,3,1,1,0,2
7vSVZ07k,0,0,0,2,2,1,0,0,2,3,0,1
llgmkweT,0,1,1,2,3,1,0,0,1,1,1,3
twEMP4KP,0,1,3,0,0,3,0,2,1,1,5,2
gtkGMXSC,1,2,2,2,0,4,0,1,2,3,2,3
NsT1RtEr,0,1,0,0,0,0,0,0,0,0,1,1
PxQ4huaF,0,1,1,2,1,4,0,1,3,1,2,3
xdgSbsqu,0,1,1,2,0,0,0,0,0,1,1,3
QPzRlXug,0,3,0,1,1,3,0,2,0,2,1,3
AmCXOP45,1,1,1,1,0,2,0,0,1,2,0,2
ABAMSuu7,0,1,0,0,0,4,0,3,0,1,1,1
rL7unfkf,0,1,1,2,0,3,0,2,0,1,1,2
Z5BsT9VG,0,1,0,2,1,2,0,5,1,3,0,2
vCktBLsZ,1,1,0,1,1,2,0,6,0,0,4,1
JJz4RDLk,0,1,0,1,1,2,0,0,0,1,1,1
boLzoI5q,0,1,0,3,4,1,1,6,0,1,0,1
AvWESW1s,0,3,0,0,1,0,0,0,0,1,1,2
ePQ9DSek,0,1,2,0,1,2,0,3,0,2,3,1
1KfJa6ep,0,1,0,3,0,2,0,4,0,2,1,2
L5pyL2ZO,0,1,0,0,0,0,0,0,0,0,0,1
LuS0RXwP,0,3,0,2,3,2,0,4,2,1,0,3
EVHgKwOm,1,2,3,1,3,3,1,0,2,1,2,3
9qUupfmk,0,4,2,0,2,2,0,0,1,2,2,2
a9ZMvlMQ,0,1,0,0,2,2,0,3,0,1,3,0
E7eIbXLA,0,3,4,1,0,3,0,3,1,2,2,2
wUjgbDa4,1,6,1,2,0,2,0,1,2,3,2,5
rxplVICh,0,3,0,0,0,2,0,2,0,0,2,1
XKXztlwa,0,5,0,3,0,1,2,0,0,0,0,1
rs5jyTJh,1,0,7,2,3,2,4,2,1,2,5,1
3wZShzDL,0,0,0,0,0,0,0,3,0,0,0,0
wlFXfxT5,1,4,1,5,1,3,1,1,2,1,1,4
MF3cZxIN,1,1,4,4,1,2,0,2,1,3,1,3
DD0GqGgz,0,6,2,1,1,0,2,0,0,1,0,2
K2BLjYqq,0,1,1,2,1,1,0,1,2,1,0,2
VbeqCzSx,0,1,0,0,0,0,0,0,0,0,0,2
ENj01USJ,0,0,0,2,0,1,0,1,0,1,0,1
9pmhTn2b,1,1,1,0,1,3,0,3,2,2,2,3
tsqUTvjI,0,1,6,3,0,2,4,0,0,2,0,2
gR4ffEe1,0,0,0,1,2,2,0,3,1,1,1,2
wlmKGftO,0,0,4,1,0,2,1,2,3,1,2,3
M35EXAI4,0,0,0,0,0,2,0,0,0,0,1,2
bLImSeze,0,2,5,3,1,4,1,0,2,3,5,1
m6lvpbxY,0,1,0,1,1,0,0,1,0,0,0,2
Hsl2lqA6,0,0,0,2,3,2,1,1,0,1,1,1
1IkSnwZ9,1,1,0,0,3,3,0,0,1,2,2,3
JfXQUEBg,0,6,1,2,1,2,0,2,1,3,1,1
oZdTfbum,1,3,1,1,2,3,1,1,3,1,4,0
pux74dJA,0,0,1,0,0,4,0,1,1,3,0,1
8mrydU9x,0,1,0,4,3,1,1,0,2,2,1,1
xMSi8HDR,0,2,0,1,2,2,0,0,0,0,2,2
porw02Il,0,0,0,0,1,1,0,2,0,0,0,0
cfDrKJlP,0,0,0,1,1,0,0,2,0,1,0,0
lh7TF5FW,2,2,2,3,2,0,1,0,5,4,2,2
dXfdrBJX,0,3,0,1,1,4,0,5,1,2,1,1
hdqNFlhc,2,1,2,1,1,3,0,4,2,1,3,2
huBr523Y,0,1,0,2,1,2,0,1,1,3,0,3
SHmEl2Sp,0,1,3,2,4,1,0,0,3,0,0,5
5Z7JFOaV,0,1,1,0,2,2,1,1,0,0,1,5
bK2NYGGd,0,1,0,1,0,0,0,0,0,0,0,1
zJL4ts82,1,3,2,1,2,0,0,3,1,1,0,3
Qf82k6cF,0,0,0,1,0,3,0,2,0,2,1,2
Wc4mIqP0,0,4,4,2,0,0,3,2,0,2,3,2
s3y1zGqN,0,1,2,1,0,3,1,1,1,1,4,1
SfGpVGxY,3,1,1,2,3,1,0,1,8,1,0,5
Yx6DdPJQ,1,3,1,2,2,2,0,5,1,1,1,4
H1eEFOKa,0,1,0,0,0,0,0,0,0,0,0,1
OWa5dZ9R,0,1,1,1,0,1,0,1,0,0,0,2
6LQXJeJI,0,0,0,0,0,0,0,0,0,0,0,0
QR3hEaHv,0,0,2,2,1,2,1,2,1,2,2,1
8m3PuXQF,0,1,2,2,2,2,1,1,1,3,1,1
0AAYrloE,0,1,0,1,1,2,0,5,0,2,2,1
jOdePucP,0,2,0,0,0,3,0,6,0,1,1,1
i9SNqR78,0,1,0,1,1,2,1,3,1,0,4,1
IADvDEdg,0,3,1,1,0,3,0,4,1,1,1,2
meWgk0V2,0,0,2,4,4,2,1,2,1,3,0,5
AbiDZKo8,0,4,0,2,3,3,2,0,0,0,0,4
glVY89Yk,0,1,3,1,2,4,0,3,2,2,1,2
AHGb6zPq,0,1,2,5,3,3,2,0,2,1,6,2
XuVoeJ6v,2,2,0,3,0,4,0,1,1,2,3,4
skx0Q5H0,0,1,0,0,1,1,0,1,0,0,0,3
hvzfsdNJ,0,1,4,1,5,2,0,3,5,1,4,0
BZyxqPVM,0,2,1,0,0,1,0,4,0,3,0,1
1DSAd7AH,0,2,2,1,1,3,0,3,1,1,1,2
FJZOsTou,0,5,0,1,3,0,1,0,0,0,2,3
kWOw3rNp,3,0,2,4,1,2,1,0,7,3,0,4
PIgU8NoK,0,1,1,1,0,4,0,1,1,1,2,2
7PAFeYTI,0,4,2,2,0,2,0,2,2,2,2,1
yYlypKyZ,0,1,5,1,3,3,2,1,2,4,0,5
56cihLEK,0,1,6,1,1,6,2,1,0,1,7,3
V4upsQib,0,0,1,1,0,4,1,1,2,2,3,2
XvT7d9A2,0,0,0,1,1,1,0,0,0,2,2,0
TozrL7zv,3,1,4,1,3,2,0,2,6,1,1,3
CSwmpJqH,0,1,1,1,1,2,0,4,2,0,2,2
E8PYoufl,1,1,3,2,0,2,0,2,2,1,3,3
EwVF4Kkq,0,2,0,0,1,2,0,1,0,0,1,2
OVdwvITV,1,0,0,1,1,2,1,3,2,0,3,0
MbA4mvop,0,0,0,0,0,0,0,6,0,0,0,0
TlBc4CvH,0,1,0,4,0,2,0,4,0,1,2,2
QucyeP9M,1,3,3,2,0,2,0,0,2,0,3,3
uVWVqz9y,0,0,0,2,2,2,0,2,0,1,0,3
6Lbd9tSa,0,5,2,1,1,0,0,1,1,1,5,3
K0e8hV8W,0,1,0,2,1,2,0,0,1,3,0,2
y5Q7USTm,0,0,0,1,0,4,0,1,0,2,0,1
ScgawLAH,1,1,3,4,0,1,0,4,1,1,3,3
OeKbJjvi,0,0,1,1,0,2,0,0,0,1,3,1
CkSFvCv7,0,6,0,2,2,2,0,1,2,2,1,2
434cMzAy,1,0,0,0,2,5,0,1,1,2,4,1
yJqebFei,0,2,1,3,2,3,1,1,1,0,3,2
mmRmeyED,2,2,1,3,1,1,0,3,2,2,1,2
y6xlyJ2b,0,0,2,1,2,2,0,3,1,1,2,2
s159hzrZ,0,1,0,1,2,0,1,4,0,1,2,1
dPsTEfLf,0,1,0,0,0,2,0,0,0,1,0,1
Qmee4L1m,1,3,1,1,3,0,0,2,2,0,4,1
Op2FPBFG,0,1,2,1,0,3,1,0,0,2,1,3
TJTCF5XE,0,5,4,0,3,2,0,3,2,2,1,2
DqiLPEI3,0,2,0,3,0,1,0,4,0,0,1,0
inhwuS3P,0,3,8,1,0,2,1,2,4,3,1,1
FLrfJuoQ,0,2,0,0,2,0,0,0,0,0,0,2
bccFmt4T,0,1,0,2,2,3,1,0,0,2,5,2
6W9Yf8JT,0,1,1,2,2,0,0,0,1,0,2,6
vPQ5pSZU,0,0,2,2,3,2,0,0,1,3,0,4
5YNnABNo,0,1,1,3,0,2,0,3,2,1,2,3
Ei6FF214,0,3,2,1,3,2,0,1,1,2,0,1
zG5LgZ21,0,6,1,2,2,0,0,1,1,3,0,3
ngMNmFy0,0,0,0,2,1,1,2,3,0,0,1,1
2pNsdmMu,0,2,0,1,2,1,0,1,0,0,1,2
9k4o40Ya,0,4,1,0,1,2,0,1,0,1,3,0
akmIXxrt,0,1,0,1,0,2,0,2,0,1,0,2
QQSHKUUG,0,1,1,1,4,3,2,1,1,4,2,4
Ck2DV4F8,3,0,3,0,1,3,0,1,4,4,3,0
C7GJBLvQ,0,0,0,0,0,1,0,0,0,0,2,0
W7QKok6F,0,3,0,1,0,1,0,0,0,3,3,1
xDVIIqvP,1,1,4,3,3,3,0,1,1,3,1,4
j22muX49,0,1,0,0,0,2,0,0,0,1,2,0
8ukiBfum,0,5,1,2,1,3,0,4,2,0,0,5
fIdg2rmc,0,0,0,3,0,1,0,1,0,0,1,1
Zi9n0OIm,0,3,4,0,0,3,0,4,1,3,3,2
vPBXbz32,1,0,1,2,1,1,0,1,1,1,1,2
Ol1N2SsP,1,2,1,1,2,5,1,3,1,2,3,3
i3HO7XFR,0,6,0,2,1,2,0,1,2,2,2,3
EYN4CWzr,1,2,1,4,0,2,0,2,0,2,2,4
zpV8fD4X,0,2,0,0,0,0,0,1,0,0,2,1
N02e9rtf,0,0,0,1,2,3,1,1,0,0,0,6
xYmUilur,0,1,1,1,1,4,0,1,1,2,1,3
5x6VChLL,0,1,2,2,0,5,2,0,0,6,1,5
znggkPJB,1,1,1,1,1,3,0,2,4,0,2,4
vgjBMNW2,0,2,1,0,0,2,1,2,1,3,2,2
YZKwkrHF,0,0,5,2,2,1,0,2,1,2,1,3
Anu9lWZY,0,1,2,2,1,4,0,1,1,1,0,5
H6qvL0ww,1,3,0,2,1,3,0,4,6,2,1,0
Rr1Av7xf,0,0,3,2,2,1,1,0,1,1,1,3
RdnBExGY,0,0,0,2,3,0,0,1,1,1,0,3
YjLSioFa,0,4,2,0,2,2,0,2,3,1,1,1
aEBF7X0G,0,1,0,1,3,1,1,0,5,2,0,2
j6yZvoTO,1,0,1,1,1,2,0,1,1,2,0,3
6J7P8dMY,0,0,0,0,0,0,0,5,0,0,0,4
kx33gJRS,0,2,0,2,0,2,0,0,0,1,0,3
KOHN02b7,1,1,2,0,3,4,2,0,2,4,2,2
xncVgDer,0,2,0,0,0,0,0,0,0,0,1,1
qAuFfOAT,0,2,0,1,0,2,0,0,0,0,3,1
WTAhxlRQ,0,0,1,2,1,2,0,1,0,3,1,3
T4VEU3Uq,0,2,0,0,0,2,0,0,0,0,2,2
zAe0X7a7,0,0,0,0,0,1,0,0,0,0,0,0
5fngzAdm,0,1,0,1,1,1,0,1,2,1,1,1
oO3WAiB0,1,0,1,5,3,5,1,2,3,1,0,3
01iiUBtT,0,0,0,2,2,2,0,2,0,0,0,2
WfNr7bNk,1,4,2,1,1,3,0,2,4,3,1,3
CW3vme2j,0,0,2,0,1,3,1,1,0,1,0,3
vzMtSQE3,2,0,2,5,1,1,2,1,2,2,3,3
BK85zMOs,0,0,2,0,3,4,0,3,0,2,2,2
11xt5kHi,0,2,0,1,0,2,0,1,0,1,0,2
vOn3c14q,1,2,0,2,0,1,0,0,0,1,1,2
sNmf3N0m,0,0,0,1,0,0,0,0,0,0,0,0
vLvmdh9d,0,2,0,0,4,2,1,3,1,1,0,2
mrLrcZOj,0,3,0,1,0,1,0,0,1,1,1,0
qXHmC6Jy,0,0,0,0,0,0,0,0,0,0,1,0
w8boRlEv,0,0,6,0,5,1,1,1,0,2,2,1
xNIjN1DW,0,3,1,2,2,2,0,3,2,0,2,0
iZSy6wT4,0,2,2,2,1,1,1,4,1,2,1,0
V0vZVaQN,2,3,4,0,2,2,0,0,2,3,3,2
ygHNaczZ,0,0,1,3,0,4,0,0,1,1,1,2
ELIR2xWy,0,1,1,1,1,1,0,1,0,2,2,2
ppmobudi,0,5,0,1,2,1,1,1,0,1,1,3
hp0W4kR6,0,0,0,1,2,1,0,2,0,2,0,2
CyGFwJfl,0,1,0,2,0,3,0,0,1,0,1,3
vrUU0nTy,0,0,3,1,2,2,0,4,0,0,2,2
v80z9vvT,2,0,1,2,0,2,0,1,2,5,1,1
subaa1Re,0,0,0,0,2,1,0,2,0,1,0,2
hxSpAfM0,1,0,1,5,2,2,2,1,1,2,1,4
jYYNE6Xg,0,1,1,3,1,1,1,1,0,3,3,0
Dlowrw4q,0,2,1,2,0,4,1,0,2,2,0,3
fGQfoOow,0,0,0,0,0,0,0,0,0,0,0,0
9gtv3jXk,0,2,3,2,0,1,1,1,0,2,1,5
mVxQJb1M,0,1,1,2,0,3,2,0,1,1,2,4
qlI67Nr7,0,9,2,0,1,1,1,2,0,2,2,1
lVkHJhrL,0,2,1,0,0,4,0,2,0,2,2,2
XH4IhRBN,0,2,0,1,0,2,0,2,0,1,0,0
uO1JzYru,2,3,0,1,0,3,0,0,3,4,2,3
f1LvsHEO,0,4,1,1,0,2,0,2,1,3,0,2
vFFbM0Eq,0,5,2,3,0,3,1,0,0,2,2,2
bk0EVKrW,0,0,0,2,1,2,1,0,0,0,0,2
pLqeAcsA,0,0,0,2,0,2,0,0,0,1,1,1
TDRntb7U,1,3,3,2,2,1,1,3,2,1,1,2
4s9bEirO,1,3,0,5,1,3,1,0,3,0,1,2
Ijgb4qP2,1,0,5,3,1,1,0,2,1,3,1,0
ANCt81yC,0,1,2,1,1,2,0,1,1,0,1,2
bR1FlT52,0,2,2,2,1,0,1,2,0,3,1,1
LkhwzMPX,0,1,0,0,0,2,0,1,0,0,2,1
gtVEsKY7,0,1,0,0,0,1,0,0,0,0,0,1
TPlqsWks,0,1,1,1,3,3,1,3,0,1,2,1
dIOfxxoQ,0,5,2,2,0,3,1,0,1,1,2,2
hvR3gZ3F,0,0,0,0,0,0,0,0,0,1,0,0
WHvmwXPO,0,0,0,0,0,0,0,0,0,0,0,0
eDJeQhEn,0,0,0,0,0,1,0,0,0,0,1,0
9ZkpQHdK,0,0,0,0,0,0,0,0,0,0,0,0
jf3aWmOe,0,1,3,3,1,2,1,0,1,3,1,2
u4xsMn6K,0,0,0,0,0,0,0,0,0,0,0,0
OkJ5XZIy,0,0,0,0,0,0,0,0,0,0,0,0
aqicixtD,0,0,0,0,0,0,0,0,0,0,0,0
RvYENqec,0,1,2,6,1,2,2,1,0,1,2,4
DXNR7mLV,0,2,1,2,2,3,0,2,2,3,0,2
gJsHmgb2,0,2,0,1,1,1,0,0,0,0,2,2
3hnk7mQg,0,8,2,1,3,0,0,0,2,2,2,2
z4TQM1Ud,0,1,4,2,1,1,0,0,0,3,2,3
FpWd03Og,0,2,0,2,0,2,0,1,3,0,3,1
IQMyBxBA,1,1,2,3,0,6,0,1,1,2,2,2
7cUhlPva,0,2,0,2,0,3,0,2,1,3,0,3
BiscYXwU,0,0,0,1,0,2,0,2,0,2,0,2
Az4CH5ey,0,0,2,3,0,2,1,2,2,2,1,0
vF3j3dgn,0,3,1,1,1,1,0,0,0,1,1,3
tmJZ0EFx,1,1,4,0,2,2,0,2,1,2,5,1
ZTxpQSwW,0,1,0,0,0,1,0,0,0,1,0,3
YcYEyEAp,0,1,0,2,1,2,0,5,0,0,2,3
U3XWgFBc,0,0,2,1,2,1,0,3,0,2,1,1
bimIQ1IO,0,0,2,2,2,0,1,1,1,0,0,3
IQXdEEmw,0,0,1,3,1,2,0,0,0,1,0,6
l9Vfjj03,0,4,0,2,0,1,0,1,1,0,2,0
woRLfG2V,0,0,0,1,2,1,1,4,1,1,0,2
DQdkTGwD,0,0,0,1,1,0,1,0,0,0,1,1
gVgO6Bh6,0,0,0,1,0,0,0,0,0,0,0,0
v3GzDidW,1,0,2,1,1,1,0,1,0,2,2,1
CksRNYH1,1,1,3,1,2,1,0,2,2,3,0,1
pC0nxTHH,1,1,3,3,1,3,1,1,3,2,3,3
SUSeLtdy,0,0,1,1,0,1,0,0,0,1,1,1
b1HbpKQt,0,0,0,1,1,1,0,3,0,1,2,1
Tk4QmZl0,1,2,1,0,0,2,0,1,1,2,3,3
U1dSMZH5,0,1,1,0,2,1,0,1,0,1,2,2
a9xWCT7H,0,4,1,2,0,2,1,4,0,1,0,1
vRB8J1xW,0,2,1,1,3,2,1,1,0,2,2,1
R8u83hpu,0,2,3,1,0,2,0,1,0,0,1,1
Qxz5DT30,0,1,3,3,1,1,0,2,0,1,0,5
ZC7uZhVp,0,0,0,2,2,1,1,1,0,0,0,1
Auea5KQI,0,2,3,4,1,1,1,0,0,0,2,2
UbI6QNFa,1,0,1,0,2,1,0,2,1,0,1,0
oSfdK4FJ,0,4,4,1,1,3,0,2,0,3,1,0
rbDTqvpx,0,1,2,2,1,5,1,1,2,1,3,3
lr4qTfux,0,1,4,3,2,1,1,2,1,0,0,4
L0lKYMQA,0,2,0,1,1,4,0,0,0,2,1,2
cPclgz6q,0,1,1,0,0,3,0,0,0,5,3,1
qPMQ74Vm,0,4,0,1,0,2,1,1,0,0,3,1
qwj2wgLw,1,4,0,1,2,1,1,1,0,1,1,1
kFwEcF5Q,0,4,0,0,3,3,0,2,2,2,0,2
2Gz3IfHc,3,1,2,0,3,6,1,0,5,2,2,4
ZWE2tF6H,0,1,1,2,2,2,0,0,0,2,0,4
qUcJl3eq,0,1,0,0,2,0,0,0,0,0,2,3
QTKhBiL7,0,1,0,2,1,2,0,2,0,1,1,2
CEzyp06C,0,1,1,1,1,2,1,1,1,2,0,1
DBDDVDvb,0,3,1,2,3,1,0,3,1,2,1,2
1fLi1gcD,0,1,2,1,1,1,0,1,0,1,1,2
EVWkFLfj,2,2,0,2,4,1,0,1,5,1,3,4
QJl0eebS,0,3,0,0,3,3,0,1,3,0,2,1
zhoKm2D8,0,1,1,1,4,0,0,0,3,0,1,3
XVdkHMUi,2,1,1,2,0,5,2,0,6,2,3,2
qx9jIOQM,0,0,0,0,3,0,0,0,0,1,0,1
DFhXFeCB,1,1,4,2,1,2,0,2,1,2,3,4
qTY0s4GM,0,2,0,2,0,1,0,0,0,0,0,2
XVNMo8Cf,0,1,1,3,0,5,1,1,1,2,1,2
g9SwlrJ5,0,1,0,0,2,2,0,0,0,2,1,3
JyELaheF,0,3,0,0,4,2,0,3,0,3,0,3
B1Sb7gUe,0,0,0,1,0,1,0,0,0,0,0,0
ZiBXrtGP,0,6,0,1,1,3,2,0,0,3,1,1
EUmatUud,1,0,0,0,3,3,0,9,0,1,0,2
7zyuvZ5a,0,2,0,1,1,1,0,1,0,4,1,0
7CRqLO9G,0,4,0,0,1,0,0,0,0,1,2,2
D4WfI1dP,0,0,0,1,1,2,0,3,0,1,1,3
KqcmbHCv,1,1,3,2,1,1,0,6,0,1,1,2
NSLihccE,0,0,6,3,1,2,0,1,1,0,2,3
rkQQ4eHx,0,0,0,2,1,1,0,0,0,1,1,4
LZeMTU2V,0,2,0,1,2,0,0,2,0,0,2,2
ZbQ4gnko,0,3,1,2,1,1,0,1,1,3,2,4
fCCzStfc,0,1,0,2,1,1,0,1,2,1,0,2
8qz1KmSr,0,1,0,3,0,3,0,0,1,2,2,4
Dvo5VsUR,0,6,0,2,3,1,0,1,4,1,1,1
OAFBZ6Hi,1,1,1,1,1,3,0,3,2,2,1,2
mHCwGy2q,0,1,1,0,2,0,0,0,1,1,1,3
F80siePS,0,0,0,0,1,1,0,2,0,0,0,0
kGyASGv1,0,0,0,2,2,1,0,2,0,1,1,2
ehGtPKCq,0,0,0,1,0,0,0,0,0,0,0,1
ctzb3CUG,0,0,0,0,0,0,0,0,0,0,0,0
RjWyFlPT,2,0,2,1,0,5,0,0,2,2,0,2
SGEjIuj0,0,2,0,0,2,1,0,0,3,1,1,2
qf19EWSV,0,2,1,3,1,0,0,2,4,2,0,3
NpiG8IAh,0,0,0,1,1,3,0,2,1,1,0,2
gMvpGAv4,0,3,0,2,0,2,2,0,0,1,1,2
Kz4OyPVz,1,0,0,1,2,2,0,2,0,1,1,1
2ZMEUHAD,0,4,1,0,2,4,2,0,1,2,3,1
isPl8o5N,0,0,0,0,0,1,0,0,0,0,0,0
31RinIfB,1,2,1,2,0,1,0,4,2,2,1,3
NIObmw91,1,0,2,7,2,3,2,2,2,2,2,4
3FEtFNDk,1,2,0,2,1,2,1,3,1,2,1,3
zEL6XJqc,0,2,5,1,1,1,0,0,1,2,3,2
u8I5xtKj,0,1,0,1,0,2,0,1,0,1,1,1
WkHVD5RQ,0,0,0,1,1,3,0,1,2,2,1,2
VzW3T3FD,0,1,0,4,1,1,0,2,2,3,0,2
XchiKeeE,1,4,2,1,1,0,1,0,1,5,1,4
X2xWg8Eh,0,0,0,0,1,3,0,1,0,3,3,1
9WS062ls,0,0,1,1,3,1,0,3,5,2,1,1
eqH7SNV6,0,5,0,3,0,3,0,0,2,2,0,3
ALKdOKGe,0,0,2,3,0,3,0,1,1,1,1,1
BAhSJwov,0,1,0,3,0,2,0,0,0,1,1,2
Hxwch1O5,0,0,0,1,1,1,0,2,0,1,0,0
1jZpZ1er,0,1,0,2,5,1,0,2,4,1,4,0
Ywxx7MUR,0,2,0,1,1,1,0,3,0,1,0,0
mcn4i5MS,0,2,2,2,0,2,2,7,2,2,1,1
WytttTo2,0,2,0,1,1,2,0,1,0,2,0,3
aWtRsZWV,0,2,2,2,3,0,1,0,3,1,3,2
quaeoyEm,0,0,2,0,0,5,1,2,0,2,1,1
O547n5mr,0,2,5,1,2,1,1,2,3,2,0,1
VMAbASYQ,0,0,0,0,0,1,0,5,0,0,0,0
oqtgpLAT,0,0,0,0,0,1,0,0,0,0,0,1
H1TzxLDs,0,0,0,0,0,1,0,0,0,0,0,1
i57WJtWX,0,0,0,0,0,2,0,0,0,0,2,0
Sk6nXeY9,0,0,0,0,0,1,0,0,0,0,1,0
GaDGUAHD,0,0,0,0,0,0,0,0,0,0,0,0
lHBGaSN8,0,1,1,0,0,1,0,1,0,1,3,1
E4HNncYT,1,0,2,2,1,2,1,3,0,3,0,3
Zur6hlin,0,0,1,1,3,2,0,1,2,0,0,2
evNzGgqp,1,2,1,2,1,3,0,2,2,1,1,2
Xji3CxXQ,0,1,1,1,2,3,1,1,2,2,0,2
TwAm7gc0,0,0,2,2,1,2,0,0,0,1,2,2
O9xx7w82,1,4,0,2,0,4,0,1,3,2,2,2
irM6XnGZ,0,3,1,1,3,0,0,0,5,1,1,1
pSi9fyNO,0,2,2,0,3,3,0,0,2,2,3,3
Auj1f1BZ,0,4,3,2,2,1,0,1,1,1,2,1
odVHWnul,0,0,1,2,1,1,0,3,0,1,2,2
igDqApZc,0,4,0,0,3,0,0,1,1,4,0,1
bvsy4P71,2,5,0,1,2,0,0,4,1,2,0,4
ZtbHcInE,1,2,1,1,2,2,0,1,4,2,1,2
fSCUKQCP,0,0,2,1,1,4,0,4,3,4,1,2
W81HEgZC,1,0,1,3,0,1,0,0,1,3,4,2
gycYDRUv,0,1,1,3,2,0,0,3,1,1,1,3
KUe2dIjx,0,4,0,2,3,1,0,4,3,2,0,3
OQhjrndW,0,2,1,3,0,2,1,1,0,2,1,2
6WDaI0WA,0,1,3,2,0,2,0,2,0,2,0,4
obQpehrf,0,0,0,1,1,2,0,1,0,5,0,2
dQsOJ1zI,1,0,1,2,4,4,0,2,1,0,2,2
bkpFxaEP,0,0,0,2,1,2,0,0,0,2,0,1
dbpzj7I4,0,2,3,0,2,0,0,2,1,2,1,5
BOhEztDn,0,1,0,0,1,0,0,0,0,1,1,2
zqEb07zh,1,0,1,2,1,2,0,1,3,0,3,3
fBQl4cIp,0,2,0,7,4,2,2,1,1,3,0,4
bH1TYspN,0,0,4,1,1,3,1,2,2,2,2,3
tnO2RBiK,0,4,0,2,1,2,0,0,1,3,3,1
x2QXpRa5,0,1,0,1,0,2,0,0,0,0,0,3
XDC7SVnN,0,0,0,3,1,0,0,1,0,0,0,1
J9INlB3l,0,0,1,3,0,2,0,4,3,2,1,0
UZUli3Vs,0,5,1,2,3,2,2,2,1,2,1,2
Q8E30KvQ,0,2,4,1,1,4,1,1,2,4,1,2
exy1JvCv,0,1,1,2,2,2,0,5,0,1,1,2
LFmOpwY8,0,1,0,0,0,1,0,0,0,0,1,2
CJUDtYGJ,0,2,0,0,0,1,0,0,0,0,2,1
PTunaJcF,1,6,2,1,1,3,1,3,1,2,2,3
4z7I4Jqd,0,3,3,2,1,1,0,3,1,1,2,3
MrvBBiOO,0,0,1,3,1,3,1,1,0,0,1,3
GsTO1eC9,0,0,0,0,2,4,1,2,0,1,0,1
wt2C0SSp,0,0,0,1,0,3,0,4,0,0,6,0
GgVTJg80,0,2,0,1,1,1,0,3,0,0,1,2
6X2noost,0,1,0,2,2,1,0,1,0,0,1,3
4zmAR2ZY,0,1,0,2,2,0,0,0,1,1,2,2
XGIBgBNh,0,2,2,2,1,1,1,2,0,1,1,4
9JdVddr4,1,1,3,3,0,2,0,3,3,2,1,4
ibC65P3o,0,4,0,1,0,1,0,0,2,2,0,1
coupfhAK,0,0,0,1,0,4,0,1,0,2,1,4
lstLmOt6,0,3,2,0,1,4,0,2,1,2,1,3
3StXjFQI,0,0,0,0,1,2,0,2,0,1,1,0
LAMLhK9L,0,3,0,2,1,0,0,0,0,1,1,2
e1cVpVPr,1,4,3,1,0,5,1,0,3,1,1,6
rsfvTuLg,0,0,3,1,1,1,0,5,0,1,1,0
Mw6aBCVh,0,2,1,1,3,2,0,3,1,1,1,2
72mv2vQo,0,8,0,0,0,2,0,0,0,0,4,0
J2ESGo8s,0,2,0,0,1,2,0,2,0,1,1,1
VO9u0TxL,0,3,0,1,0,0,0,0,0,1,0,1
1ssETuU1,4,1,2,1,3,4,2,0,5,2,4,1
DNLZYnXB,0,1,1,1,4,3,1,2,0,2,1,2
fmDlVgbM,0,0,1,3,0,1,0,1,0,0,2,3
EmYQXjMH,0,2,0,0,0,0,0,0,0,0,0,1
3VInK8ny,0,2,1,1,1,3,0,4,1,3,2,2
jBD7NwpM,0,1,2,1,3,3,1,1,0,1,2,4
ZVzepJfe,0,5,1,1,3,1,0,1,3,0,0,4
a2B5jAx2,0,1,2,3,1,3,0,1,2,1,0,3
lYNkZYsF,0,1,3,1,2,3,0,0,7,1,3,3
6zHRFexr,1,1,0,3,0,0,1,2,0,0,2,0
zCZZSOZm,0,1,1,1,1,2,2,0,0,1,0,2
sXpaxl9a,0,3,1,1,1,2,0,2,1,0,1,3
rpZXYp5R,0,3,1,2,1,2,1,2,0,1,0,3
RlqZ6ZBu,0,0,2,1,0,3,0,3,1,0,4,1
ibUpMfIN,0,0,1,1,1,2,0,3,1,0,2,1
7Y6SH63q,1,0,3,5,1,4,1,3,7,2,1,1
x7dFRrAn,1,0,0,2,2,2,0,2,0,2,2,1
1dBPM401,0,1,1,1,0,7,0,2,1,2,2,3
eNpD2V94,0,2,0,1,3,0,0,2,1,0,2,2
aKbzrNo7,0,1,1,3,1,1,0,3,1,0,0,3
11SMLajq,0,3,1,1,0,2,0,2,0,0,3,2
NdManTys,2,1,0,3,2,4,0,1,3,0,6,4
LJfZfDzC,0,0,0,0,0,1,0,0,0,2,0,1
kC6sZkO3,0,1,0,1,0,2,0,0,0,1,3,0
fWFOawn3,0,1,0,1,2,2,1,0,0,0,0,2
e825T1Vg,0,1,0,0,2,1,1,0,0,0,0,1
CG5gQfsX,0,6,0,2,2,1,0,1,0,1,0,4
ALOYo2MM,0,4,0,0,1,2,0,6,0,2,2,0
mv7PtZeB,0,3,5,2,1,2,2,0,2,2,1,3
8hM6UJkL,0,3,0,0,1,2,0,0,0,2,1,1
wwB9eWAI,0,1,1,0,2,2,0,3,0,1,1,1
N7V98xGm,0,6,0,3,1,0,0,3,0,1,0,3
nEueTv2y,0,1,0,2,2,2,0,1,0,4,0,3
t6grA9qm,1,1,3,2,2,2,0,2,2,3,1,2
sfae1pAB,0,1,7,2,1,3,0,1,6,2,0,2
tELouqpd,2,6,1,2,2,1,1,4,0,3,1,1
GQCefTk3,0,3,0,2,0,1,0,1,0,1,0,3
t7Hcp6nS,0,5,0,1,2,1,0,0,0,1,1,2
XdMmdhz2,1,2,2,1,0,2,0,0,2,2,2,0
5Ibr1ZJZ,0,0,1,2,3,3,0,1,1,1,2,1
Iee1lHW6,0,0,0,0,0,0,0,0,0,1,0,2
xxYfY3I2,0,0,3,2,2,3,1,1,2,1,2,5
R4jr5aVX,0,2,1,0,0,3,0,6,0,1,3,2
EqjayWlO,0,0,1,2,3,0,0,1,2,1,1,2
gZeLgN85,0,2,0,1,2,1,0,1,1,2,0,1
dT5EYRmU,0,2,0,1,0,0,0,2,0,0,1,1
RPtlvcnc,0,2,2,1,1,3,2,4,0,1,1,2
a8ceXtau,0,1,0,1,0,1,0,0,0,2,0,1
W9LZcTQ7,0,2,0,0,0,0,0,0,0,1,0,1
PbRhOilD,0,0,0,0,0,0,0,0,0,0,0,0
xU9NFOe5,0,1,0,1,0,0,0,0,0,0,0,2
SY2pofgX,0,1,0,1,0,0,0,0,0,1,0,1
HWzjXI2V,0,0,1,1,1,3,0,2,0,0,0,2
46pr83Hm,0,0,0,0,0,0,0,0,0,0,0,1
hACWclnA,0,3,1,1,2,0,0,1,4,1,1,1
Gfj3FYCa,0,0,0,1,2,4,0,1,3,1,0,2
XUXfAQAP,0,0,1,2,3,4,0,0,1,2,1,1
fRX0hAP1,0,0,0,4,0,3,1,5,1,1,1,0
p2OjXgwp,0,0,0,1,0,2,0,0,0,0,2,2
tYKLFVaF,0,2,0,0,0,3,0,0,0,1,1,2
pfPlsmPN,0,1,4,3,2,2,0,1,3,3,1,3
tgfISEn0,2,2,2,2,1,3,2,4,2,1,0,6
gOSIkRNd,0,1,3,2,3,3,1,1,1,1,0,5
1BO03WxI,1,4,6,2,0,1,3,0,2,1,3,3
00U5XfWR,1,1,4,0,2,4,1,1,1,2,1,5
zYnBACyi,0,0,1,0,1,0,0,0,0,0,2,2
Adi8vpxT,0,0,0,0,0,2,0,0,0,1,1,1
gP6IzQWz,1,0,1,0,1,3,0,0,0,3,1,0
T7pTzU32,1,0,1,0,0,6,0,1,5,1,2,1
A18jnyBg,0,2,0,1,2,2,0,2,0,3,0,2
5zcTupFx,0,1,0,0,2,1,1,1,0,0,0,0
f0KJ05Rg,0,0,1,1,1,3,0,1,0,2,0,2
964Zbye6,0,4,5,0,3,3,1,0,5,1,2,2
5XkMr9AU,2,1,1,3,2,5,1,2,3,1,1,6
RKmM712Y,0,1,1,0,0,3,0,1,0,1,1,3
nqzoTBoF,0,1,1,0,1,4,0,1,0,1,3,1
5IRpnmI9,0,0,0,2,7,1,0,1,1,0,0,4
5di6i1Ec,0,1,0,1,1,3,0,3,1,2,1,1
q6YcOHsl,1,2,0,3,1,1,0,2,2,3,2,2
2mEYJJ3F,1,4,2,1,1,1,1,3,0,1,4,4
Uh2LX29y,0,0,0,0,1,2,0,0,0,3,1,2
fBB2Vknn,2,0,0,0,0,3,0,2,2,2,1,0
WxQDeAeh,0,4,0,3,2,6,1,0,3,2,3,1
6HPYupl6,1,0,0,5,0,2,0,1,0,2,2,1
ZfAlcYfw,1,0,0,1,2,1,0,2,0,2,0,2
Lh2AxDxY,0,1,0,1,1,0,1,0,0,0,0,3
6qn643hb,0,0,0,0,1,2,0,2,0,1,0,0
9zrTx0Sv,0,1,0,1,2,3,0,1,0,1,2,2
heaPtg31,0,3,0,2,1,3,0,2,0,0,2,3
x9OHvthB,0,2,1,1,2,2,0,0,2,3,6,1
ayiO9Eu7,0,0,0,1,1,1,0,0,0,1,2,1
x2tz13v3,0,1,0,0,0,1,0,0,0,0,1,2
bv8NiZh2,0,4,0,0,1,2,0,1,0,1,1,1
yQnuQtaX,0,0,1,2,2,2,0,3,0,2,0,3
irokBmKB,0,0,0,2,3,1,1,3,0,0,0,1
FVBn7vyr,0,3,3,4,2,2,4,0,2,1,1,3
hQ8aNhIk,0,0,0,0,0,0,0,0,0,0,0,0
eniLoBkP,0,0,0,1,2,1,0,3,3,0,0,3
Oc81feUC,0,1,0,1,4,3,0,1,1,2,1,4
1TeSOscb,2,2,2,0,0,4,0,0,2,2,1,5
wovzlYWL,1,0,7,3,3,1,3,1,3,0,2,3
jq4C3qnf,0,3,1,3,2,0,1,0,1,1,2,2
QO1r9Llg,0,0,1,2,0,2,0,1,0,1,2,2
jYO5bm4f,0,1,2,2,2,3,1,1,2,2,0,2
r6SxrzOM,0,3,0,1,0,2,0,0,1,1,0,2
2F1s1g2O,0,2,0,1,1,2,0,2,0,1,1,2
0anuG3X2,0,0,1,1,1,1,0,6,0,0,2,1
j9BPp1We,0,7,0,1,0,0,1,0,0,1,1,1
uAM0hTa9,0,1,0,0,0,3,0,1,0,2,0,1
sIc5yOEw,1,0,1,3,1,3,0,1,6,2,2,3
T6HOSKag,0,2,0,1,2,3,1,1,1,1,0,4
lYNQp68w,1,0,0,1,4,3,1,0,2,3,5,3
GepCEvCv,0,0,0,0,3,0,0,2,0,0,0,2
jUKTx6lj,0,0,0,1,2,0,0,0,1,1,0,1
Xcq0KFLj,0,1,0,0,0,2,0,0,0,0,0,1
1a3xY5JH,0,2,2,1,1,1,1,0,0,0,1,1
hx4HFRuq,0,0,1,0,2,2,0,2,0,1,1,4
tHJF1Smp,0,1,1,2,2,4,0,3,1,4,0,2
I9RMLkBb,3,0,1,3,1,4,0,8,2,3,0,2
1lDmsyAj,0,1,0,1,3,3,0,0,1,2,3,1
KCdnUk6I,0,1,0,1,1,0,0,6,0,1,0,0
QJwJKsT7,0,0,0,1,1,1,0,3,0,1,0,2
yOSoSHMS,2,0,3,0,6,2,0,2,1,3,1,2
D8vtS8rX,0,1,2,1,1,3,1,4,1,2,0,3
hhIBCLRi,0,1,6,2,4,1,4,2,0,1,4,2
rwk9qRYr,0,0,0,0,1,3,0,0,1,3,1,2
CqCTnXqy,3,2,1,0,5,2,3,1,3,1,2,3
V69yU6nm,0,1,0,1,4,3,0,0,0,2,1,3
djSsqGkB,0,2,4,1,1,1,0,0,0,1,2,4
gk4OQqzx,0,4,1,1,2,0,0,1,2,4,1,2
HKXsuNxg,0,0,0,2,1,2,1,0,0,0,4,2
LvLHnpo2,0,3,0,1,1,1,0,2,0,2,0,1
Z8qyF0xO,0,0,0,0,1,2,0,1,0,1,0,0
sb488kJt,0,1,0,0,1,0,0,0,0,1,2,1
DUxzevA9,0,0,0,0,2,2,0,0,0,1,1,1
LwIjChL4,1,0,1,2,1,1,0,5,2,1,0,2
9jYlGSk8,0,2,0,1,0,0,0,0,0,0,2,2
laSb4SoO,0,0,0,2,3,2,0,3,1,3,1,1
IVXxGv6L,0,1,3,0,0,3,1,4,0,1,1,1
1o5KnUnt,0,0,0,0,2,3,0,2,0,1,0,0
cxoI4Pct,0,2,1,2,3,1,0,6,0,0,1,2
gCZZudVP,0,0,0,0,2,1,0,2,0,1,3,1
Pdok6MmX,0,3,2,1,1,4,1,1,1,3,0,1
5eapUlLa,0,0,0,1,1,2,0,2,0,0,1,2
rqMyzvC7,0,4,2,2,3,0,0,1,0,1,1,4
vYVkNYcC,2,0,3,5,2,3,2,1,7,3,0,1
TXalgslf,0,2,0,1,1,0,0,0,0,1,1,2
d53Mfnlg,0,2,7,1,1,3,1,1,1,2,1,1
lBN5c2I4,0,1,1,0,0,0,0,2,0,2,1,1
fYRek0FQ,2,0,1,1,1,2,0,1,1,1,2,2
I8F7ilPx,0,2,2,1,2,2,0,2,0,2,1,5
Drhh62nF,1,1,0,1,3,2,0,2,1,7,0,0
AaR3MmI1,0,1,1,1,1,2,0,3,0,3,0,1
OJfTEr3R,0,0,0,1,0,3,0,3,0,1,1,2
cZt6PIv1,0,0,0,1,3,2,1,1,0,1,0,1
ZVm8NeQd,0,2,0,0,1,1,0,3,1,3,0,3
gKOkncjg,0,3,1,0,1,0,0,1,2,0,3,1
dTPg5NEb,0,0,0,2,1,1,0,3,0,0,1,1
M2rUxWEL,0,1,0,3,1,1,1,1,0,1,1,1
QNczjn5j,0,5,0,0,0,0,0,0,0,2,3,0
fGgZuX6d,0,1,4,2,2,3,1,1,1,1,0,2
o5abAnGj,0,3,0,2,1,0,0,1,0,0,4,2
9EiFhpCa,0,1,0,1,0,0,0,0,1,0,0,0
nixfCdlF,0,1,0,3,0,0,1,0,0,2,0,1
5mgcv3dp,0,2,2,1,0,1,0,1,0,1,0,0
6V14t1FA,1,0,1,2,1,2,1,1,3,4,1,0
lpuqIHqf,0,3,0,3,3,2,1,1,1,1,1,2
1ZP10ZMh,0,1,0,3,1,1,0,0,3,1,1,4
PMOMxTUa,0,1,0,3,0,2,0,1,0,2,2,1
wYNAmaAv,0,1,0,1,0,1,0,2,0,1,1,0
aI2spnaT,0,0,0,0,0,2,0,0,0,2,0,0
Ll77UJFQ,0,1,0,2,0,1,0,2,0,1,2,3
9jCFnxBx,0,0,1,4,1,5,1,0,0,2,1,2
WryBJxtJ,1,2,0,1,0,2,0,0,1,4,2,0
e7cSl9wb,3,1,4,1,3,3,2,0,4,2,2,3
Mh7O5jsS,0,2,1,0,0,0,0,3,0,2,0,0
Szb5UxZG,0,1,5,2,3,1,0,1,3,1,1,4
En3sBjnR,0,4,1,1,0,3,0,5,1,3,0,1
3lks1e95,0,1,0,1,0,1,2,0,0,0,0,1
OZwkfdyE,2,0,0,4,1,1,1,1,2,1,3,2
rwR5lW5F,1,0,2,0,2,1,1,0,1,1,2,0
OJYNoMO6,0,1,0,0,0,0,0,0,0,1,1,1
KGjRWYky,0,0,0,1,0,1,0,0,0,0,0,1
hzglCIRS,1,1,1,2,5,0,0,1,0,4,2,1
vHpuDEkp,0,1,1,3,0,3,1,1,1,2,2,3
tplYFpiJ,0,0,0,1,0,2,0,1,0,2,0,1
UXaNvzF0,1,4,1,1,3,2,1,0,1,1,3,2
CX0batYA,0,2,0,0,0,0,0,0,0,0,0,3
jCO1rXVw,1,1,0,3,3,3,0,0,3,4,1,3
JvsGgAS3,0,0,0,4,0,4,0,2,2,2,2,1
UgVbIys3,0,0,0,0,1,2,0,2,0,0,0,3
cSBXVHdQ,0,1,0,2,0,5,0,1,0,3,2,2
siMiZ12l,0,5,2,0,1,0,0,0,1,1,2,2
35iGCYuL,0,1,1,1,3,3,0,1,1,1,2,3
Z81IRD96,0,1,2,1,1,2,0,1,1,1,0,4
jCT64uD9,0,1,0,1,2,3,1,2,0,1,2,3
xUkAWIcj,0,8,1,3,1,2,0,0,4,4,0,4
ycWRsfrp,1,0,6,2,2,4,0,7,3,1,1,2
Gajj2gDw,4,2,2,0,2,3,4,3,0,2,3,2
tIX5MbuH,1,0,0,0,0,1,0,1,0,0,1,1
1vU7PaI5,1,6,0,2,1,0,2,6,0,2,2,1
wupTszqX,0,1,0,1,2,1,0,3,1,0,0,3
7dRMfBdf,0,1,2,2,4,2,1,1,1,4,2,2
RQdR5C9B,0,0,2,0,1,1,0,2,1,2,1,2
o7SO8VBh,1,1,1,2,0,4,2,0,2,2,0,4
yuR72wH2,0,2,1,2,2,2,0,1,0,0,1,4
u8OnhTL2,0,1,0,2,0,1,0,0,0,0,0,2
0mmzpmrO,0,1,4,2,1,0,0,1,0,0,3,2
nT25v4Z5,0,2,0,0,0,2,0,1,0,2,0,0
MAo73cnu,0,2,0,0,1,0,0,0,0,0,3,1
HK7I4i1V,3,0,4,1,1,4,2,2,1,1,7,2
kPYBwmn1,0,0,0,0,7,1,0,0,1,1,2,1
xIE5fbfa,0,1,0,1,4,2,0,0,0,5,0,1
x4ZtTz1b,0,1,2,0,1,2,0,2,1,1,4,1
sKXmVvek,0,3,0,1,1,2,0,0,1,1,1,3
4Iudc8Xf,0,0,0,0,2,2,0,0,0,2,0,2
nK42JDdn,1,1,0,1,4,1,0,2,0,3,1,2
017TOm8r,1,0,1,2,0,6,0,1,1,3,1,2
BabVYPbC,0,3,2,2,0,2,0,5,1,2,1,1
wo7WsfSm,0,1,0,1,0,3,0,0,0,1,0,1
SLEivwRb,1,0,3,2,5,1,0,1,2,1,0,3
LzmJQ3Uf,0,1,4,2,0,2,0,2,1,3,1,2
rInbsgMg,0,2,1,0,1,6,0,0,3,3,0,1
WEQNdBpO,0,0,0,0,0,2,0,0,0,2,2,1
y3ZXTB21,0,4,0,2,0,1,0,1,0,2,0,3
U7fluGlf,0,0,0,2,2,3,0,4,1,2,0,0
6dayHjkN,0,1,5,0,4,1,1,0,0,2,1,3
AtpoKHVt,0,2,0,0,0,2,0,0,0,1,1,1
4DFqk04K,0,2,0,0,0,0,0,0,0,2,1,0
Y4RzZLsU,0,1,2,1,0,2,0,2,1,3,1,1
Z8mMd686,0,0,0,1,1,4,0,3,1,4,1,1
wFFoXOY3,0,1,0,0,1,1,0,1,0,4,0,2
k7BInVwF,0,0,0,3,1,4,0,0,1,2,1,1
ec2G2mJb,0,1,1,3,0,1,0,1,1,1,1,2
tWuXcgsX,0,1,2,2,2,4,1,1,3,0,4,6
HaFMfg3y,0,0,0,0,0,0,0,0,0,0,0,0
iGyJ5eym,0,0,1,1,2,3,0,0,1,1,2,2
Q3k0baGV,0,1,2,2,1,2,1,0,0,0,1,3
3jFlrCMl,0,3,4,3,1,1,0,1,1,1,2,3
ddF7iWZj,0,1,2,3,0,3,0,3,1,3,1,2
Vt7zthIC,0,0,0,0,0,1,0,0,0,0,1,0
nxEZmnmP,0,3,0,1,0,0,0,0,0,1,3,0
jFLOGcYt,0,1,0,0,1,3,0,1,0,4,0,0
dXdaDln8,0,1,0,1,0,3,0,2,1,2,0,1
Nt7yg5QR,0,0,1,0,2,0,0,1,0,0,0,3
shSpWSaq,0,1,1,3,0,4,0,0,5,3,2,2
Zjav3f8V,0,1,3,1,2,1,1,0,1,3,0,2
g3R4qRnh,0,3,0,0,3,0,0,1,0,2,1,1
dkLY7I5T,0,1,2,2,3,2,1,4,0,0,2,3
6SJDzcDZ,0,6,1,2,0,2,0,3,2,2,1,2
Q7zQcBvI,0,0,1,2,3,2,0,3,0,2,0,4
STGTaqPm,0,1,2,4,3,1,0,1,4,1,1,4
jwdF7jgM,1,1,1,2,1,3,0,2,3,1,2,3
LQIRsd5F,0,3,1,3,0,4,1,1,2,1,0,1
HfSXZPg6,0,1,0,1,2,2,1,2,0,0,0,0
5VLl0QaY,0,0,0,1,0,3,1,1,0,1,0,3
geN8lCjO,1,2,0,1,1,0,0,0,0,2,2,1
NnpGCJwJ,1,0,0,1,1,3,0,1,0,1,1,2
alGVMeDu,0,7,0,0,0,2,0,1,0,0,0,2
sH2BNrBF,0,0,0,1,1,0,0,0,0,0,3,1
cBytYqY0,0,1,0,1,1,1,1,2,0,1,3,0
DViAMFuS,1,1,0,1,1,2,0,1,1,2,4,0
CW9fNfai,1,1,0,2,2,1,0,3,1,1,0,2
0iqgQzNw,0,0,0,3,0,1,0,3,0,1,0,1
dzoux73Z,0,0,1,4,2,0,0,1,2,1,1,2
VZeunfKE,0,2,0,2,0,3,0,2,1,3,3,2
IPuR2Kpi,1,1,1,0,1,2,0,1,0,3,3,2
fwJ4tTIX,0,2,0,1,0,0,1,0,0,0,0,1
LLjB8bFu,0,0,0,0,0,0,0,0,0,0,0,1
pdnPDf6C,0,0,0,0,0,2,0,0,0,0,0,2
DJzJi7af,0,0,0,0,0,0,0,0,0,0,0,0
YXA8cITf,0,0,0,0,0,0,0,0,0,0,0,0
ziM6b4nA,1,1,1,1,2,2,0,4,1,1,1,0
zUWGAzJL,0,1,2,3,2,4,0,0,2,0,3,3
h6iFBxNZ,0,3,0,2,2,2,0,1,1,1,0,2
drwIxYno,0,1,1,2,2,0,0,2,0,3,1,2
Z4BkYUi0,0,0,0,2,4,1,0,1,0,1,1,2
dupAxGzD,1,0,5,1,1,2,0,1,6,2,1,1
TA921Amr,1,3,1,2,1,1,0,2,1,1,2,0
YaixJPU3,0,3,0,3,1,2,1,0,1,1,1,2
V4VXZCkh,1,0,0,1,2,3,0,4,2,1,1,1
ySpDwO6x,1,2,0,1,3,1,0,2,1,2,0,2
2zVxbW0l,0,0,0,1,0,2,0,0,1,2,1,0
lsEJ2YGX,0,2,0,0,0,2,0,0,0,0,2,0
ebjo0Bsh,1,7,2,0,0,5,0,1,2,2,2,5
86k23iR0,0,2,6,1,3,3,1,0,3,1,1,5
YYYCZYlh,0,0,1,2,3,2,1,2,1,2,1,2
0UTHxAfh,1,1,0,0,3,0,0,2,0,2,2,0
xT50mZgr,0,3,0,1,2,4,0,0,3,2,1,2
L99Fvth3,0,0,0,0,0,0,0,0,0,0,0,1
5gMOYeTW,0,0,0,1,2,1,0,1,0,2,0,1
I30ycuPP,0,1,0,0,2,0,1,0,0,0,0,2
y9yVPwwT,0,0,0,0,0,0,0,0,0,0,0,0
kNfZkfXg,0,0,0,0,0,0,0,0,0,0,0,0
WC3rVjyw,0,3,1,0,1,1,0,1,1,1,0,1
pWc6tgB9,0,3,1,1,1,0,0,0,2,2,1,2
DOQsbEpp,0,1,2,2,0,2,1,5,0,2,1,1
R1b9r4Ck,0,2,0,1,1,0,1,0,0,4,3,1
VfYjdvBB,0,2,0,1,2,1,0,1,0,1,0,4
LBMHRYbm,0,0,0,0,3,0,0,1,0,0,2,1
rGubqsdv,0,1,0,0,3,1,0,0,0,1,1,5
60yHQ9s0,0,0,5,2,2,1,0,1,2,0,2,3
IevynFGN,0,2,0,2,0,2,0,0,0,2,1,3
EbUhs03T,0,0,2,2,2,2,0,3,1,1,1,1
1V0SHfo0,0,0,0,0,0,0,0,2,0,0,0,0
tm65iUX0,0,1,1,3,1,0,0,1,0,1,5,1
PtVlBoFH,0,0,1,2,5,3,0,3,2,1,0,3
84FUf78S,0,2,1,1,2,1,1,2,1,3,1,1
u0XhkpIo,0,0,1,2,1,2,1,0,1,1,4,1
VekNqr61,0,0,0,0,2,2,0,0,0,1,1,1
qSEBn07K,0,2,3,0,0,4,0,1,2,4,3,1
lYcgeXP2,0,1,0,6,1,3,0,0,1,2,1,2
HcbTt0Nk,0,4,0,2,0,1,0,4,0,2,1,3
iTalJED0,0,5,2,1,0,4,3,1,1,1,2,5
FD8Kxdrx,3,0,5,3,0,4,0,1,5,2,2,4
VVzA7ny1,0,1,1,1,1,1,0,1,1,3,2,0
Ld267Hpf,0,1,1,1,1,5,0,2,1,2,1,1
hRhAcYya,0,0,1,2,0,4,0,3,2,2,2,0
rO1PocHv,0,3,2,2,0,5,0,0,3,1,1,5
47ZNqRqW,0,0,0,5,0,1,0,0,0,0,0,2
gjwTv56S,0,1,5,1,1,1,0,0,3,6,0,2
Oahgo5fa,0,1,0,1,2,1,0,1,0,1,1,1
xY2xmKgx,0,5,2,3,2,2,0,3,0,1,0,4
9oBmfF2N,1,1,2,0,0,3,0,2,7,1,2,1
P9CAJTOF,0,0,1,4,3,1,0,2,1,2,0,4
rShe7Gxn,0,0,0,0,1,1,0,0,0,1,0,0
GL4Ewazg,0,2,0,2,0,1,0,1,0,0,1,1
QX7jbI4a,0,2,1,2,1,1,0,1,4,3,1,2
alda7aRJ,2,6,1,2,0,3,0,0,3,1,2,3
3sVinpE0,2,0,1,2,1,2,0,2,2,0,1,5
3R7Ht7CA,0,2,0,0,1,0,0,0,0,3,1,1
HHGxXfZd,1,1,1,1,1,3,0,0,3,2,3,2
tWbO7Rma,0,2,1,1,3,1,1,2,0,0,0,2
XLRMv5Wp,0,2,5,1,4,3,2,1,5,0,2,5
5yhasxpR,0,1,0,0,1,1,0,0,0,1,3,0
4PWdbqhc,6,2,0,2,0,3,0,1,4,2,0,4
nU6K7gHT,0,5,0,2,4,0,0,1,1,1,1,1
fUOPgwBH,0,1,2,2,1,3,2,2,1,2,1,4
WZa57bLR,0,1,5,0,0,6,1,2,2,3,2,0
V4jMyOv7,0,0,0,3,0,1,0,1,0,0,1,1
lLhm1Ro1,0,0,0,2,0,1,0,1,0,3,1,1
NcFMFEUL,0,1,0,0,0,1,0,0,0,0,1,0
W18uT1lj,0,1,0,0,0,2,0,0,0,2,2,0
oSQlUbS5,0,2,1,1,5,1,0,1,0,0,0,3
NF8AuNik,0,1,0,3,1,2,1,0,5,3,1,3
dBknWJft,0,0,0,1,0,0,0,0,0,1,0,0
SIOXVAhD,0,0,0,3,0,1,0,3,0,1,1,4
4BtxS1Au,1,4,4,1,0,1,0,0,2,2,2,1
k8U4cky8,0,0,0,0,0,0,0,0,0,0,0,1
WZKs2Ciq,0,3,0,0,1,1,0,1,2,2,1,1
55t9oty9,0,0,1,4,1,1,0,1,2,1,0,5
4TjinTA3,0,3,0,2,2,2,0,2,0,1,2,1
YUzBWky8,0,1,8,1,1,3,0,2,4,5,1,2
64ArSrkz,0,4,0,0,1,0,0,0,0,1,1,1
ZDC89CEl,0,0,0,1,0,2,0,1,0,0,1,0
YvZnPEYo,0,1,0,2,0,1,0,0,1,0,1,1
vCBmq0rl,0,0,1,0,2,2,0,2,0,1,3,1
zuP3pMR1,1,3,1,1,1,1,0,3,2,0,2,0
BhVdNZh2,0,1,2,1,0,4,0,1,1,2,1,2
08WRgQn2,0,0,0,1,0,1,0,1,0,0,1,1
Ak0HS9Xe,1,0,4,1,3,5,3,0,1,3,1,4
WCRSyAVK,1,0,0,1,1,4,0,3,0,1,2,2
exeMXTtH,0,2,1,0,0,1,0,0,0,1,1,1
eZpKZjCe,0,0,1,1,3,2,0,3,2,1,0,2
eEod6ij3,0,1,0,2,2,1,1,3,0,0,0,1
G76cDNAw,0,2,1,2,2,1,0,1,1,0,1,4
v4HHKgJ4,0,3,0,0,0,1,0,0,0,2,0,1
G4Z1zFRS,1,2,1,0,0,4,0,1,2,2,3,0
DxvJIVx5,1,2,0,1,1,1,0,3,0,1,1,1
SIf5fGcP,0,0,2,0,3,2,0,6,1,2,1,1
vvl6I6o2,1,0,3,2,2,1,0,0,2,2,2,2
NRLwWJCx,2,2,0,0,3,1,0,3,1,1,3,1
xrghN3Zv,0,0,1,1,0,2,0,1,0,1,2,1
KcmBp2p4,0,0,0,2,1,2,0,2,0,0,1,3
AbtyjXgN,0,0,2,2,2,0,0,0,1,0,0,6
zSfRynJn,0,2,1,3,0,2,0,0,2,2,1,0
K4mBJufz,0,1,0,3,1,3,0,2,1,0,1,4
pef6ZTmr,0,1,1,0,1,3,0,1,1,1,1,0
xpxEAjuL,0,0,3,1,3,2,2,3,0,2,1,1
wRYpitP6,0,1,0,0,0,1,0,1,0,1,2,0
OYOLRhUu,0,1,2,3,0,3,1,0,2,1,1,3
XIu4zolI,1,0,0,2,1,0,0,6,1,1,0,1
pPDfvGKP,0,3,0,1,1,1,1,2,1,1,0,0
2NHzPEWY,1,1,0,1,0,1,0,5,0,1,1,0
rO2hETHX,0,1,1,1,0,0,0,0,0,1,1,2
ISw4EMqd,1,0,3,2,0,4,2,1,2,3,4,2
9farYW3R,1,0,0,2,2,3,0,1,1,0,1,4
7bt1npTn,1,1,2,2,0,5,2,3,2,2,0,4
t09rM1S7,0,3,1,2,1,2,0,3,1,3,0,0
rQNkeNrg,2,1,0,2,0,4,0,3,6,2,2,2
zpSQHdRZ,0,1,1,2,1,1,0,2,0,3,0,2
mDvqhykL,1,1,0,1,3,3,0,0,1,2,2,4
VAnEuDMr,0,0,0,0,0,5,0,4,0,3,1,0
DOcw0Uzy,1,1,0,2,0,1,0,4,0,2,1,3
Mq87qxLq,1,2,1,2,2,2,0,2,0,4,3,4
iEXkcrLt,0,2,0,1,2,1,0,1,0,1,1,1
FeR0rMYp,0,1,1,2,0,2,0,1,2,0,1,4
pfKSjuTL,0,6,0,0,0,0,0,1,0,1,2,2
2Hss6bmB,0,1,1,5,5,1,0,0,2,4,0,2
QlwHMa1M,0,2,2,2,1,1,0,0,1,3,1,3
cgs0vF16,0,2,1,2,0,2,1,3,0,1,2,2
WxgQmJiT,0,0,1,1,1,1,0,1,0,1,0,2
auv4BcD9,0,2,1,0,2,2,0,1,1,2,2,1
1LZTVEVs,1,2,1,1,0,1,0,0,1,2,4,0
y58ShLw3,0,2,0,2,2,1,0,2,1,0,1,1
W1KkAlWG,0,0,2,2,2,4,0,1,1,2,2,3
pH2rOPxq,0,0,0,0,0,2,0,0,0,1,0,0
C1M7zkJs,1,4,0,2,0,0,0,1,4,1,0,1
hi3eYLUl,0,2,0,2,0,2,0,3,0,1,0,2
R4S0TGt9,2,1,0,2,4,5,0,1,3,3,0,4
VtDV8FJ4,1,0,1,3,4,2,1,1,1,1,2,2
MDYVmhkW,0,1,2,2,4,2,0,2,1,0,5,2
mpP5g3yr,1,2,1,2,1,1,0,2,1,3,2,2
1tcVQEEQ,0,1,0,1,0,2,0,0,0,1,2,2
aAHBTPKO,0,3,0,0,1,3,0,0,2,1,2,3
CoWKOkRj,0,2,0,2,0,2,0,3,0,3,1,2
pQAsWzTl,0,2,1,1,2,1,0,2,0,2,1,2
L8AcVVw0,0,4,3,1,0,2,0,4,1,1,3,2
VKw1d0zg,0,0,2,3,1,2,0,1,1,0,0,4
mIbr5HiA,0,0,0,2,0,3,2,0,0,2,1,0
pHV7R0eR,1,5,0,3,1,2,0,0,1,1,2,2
ilYzwYhL,1,1,3,2,3,3,4,0,3,3,0,4
ZO0JvicB,1,1,3,2,3,2,0,1,2,0,0,7
XZploafq,0,5,1,2,1,2,1,5,0,1,0,2
zgDouhbB,0,1,0,4,0,0,0,0,0,0,2,1
g5Hy44zK,3,0,0,4,2,3,2,2,3,3,0,3
OIv9LJNv,0,2,0,2,0,2,0,1,0,1,0,1
NXWRoCx7,1,2,1,1,1,3,0,3,2,1,1,3
RK6WLls8,0,6,1,0,1,1,0,2,1,3,0,1
l4Z0gut7,0,1,0,1,1,2,0,3,0,3,0,2
ws2jeB4d,0,0,0,1,0,0,0,0,0,0,1,1
u5ja8xnK,0,0,0,2,2,0,0,1,0,0,1,3
AOLpPkP0,0,4,0,2,1,1,0,1,0,1,0,2
WkWSudmq,0,1,3,4,0,2,0,7,0,1,0,2
VMkibLL4,0,1,1,2,2,4,0,2,0,4,2,3
9z2LL94u,1,4,1,0,0,2,0,1,5,2,2,1
QUBgZNC4,0,4,0,3,0,0,0,1,0,3,2,1
ajspIqpB,0,1,1,1,2,3,0,0,3,4,2,2
4mr0YJi2,1,0,2,1,1,2,0,4,1,2,2,1
WC4QwITc,0,2,0,1,2,0,0,1,0,1,0,3
4ihdUZrP,0,3,0,1,0,1,0,2,0,1,0,1
6x62vE2f,1,2,3,2,0,4,1,1,2,2,2,5
mVGAIKm2,1,0,0,0,0,3,0,1,3,1,0,3
TTzBqWaS,0,0,0,0,0,0,0,0,0,0,0,0
tYkDI1uH,0,0,1,1,2,2,2,2,2,2,2,1
LknUtoF9,0,1,0,2,0,2,0,0,0,1,2,0
y7WxWZOZ,0,1,1,3,0,2,0,3,0,1,0,2
yM1uVCu8,2,1,2,4,2,1,0,1,5,2,0,4
MR5PVBBS,0,0,0,2,3,3,1,5,0,2,0,4
83kw8I7D,0,2,1,0,3,4,0,1,1,1,2,3
Q8Dp1287,0,0,0,1,4,3,0,3,2,2,1,1
az9drFk2,0,1,1,2,2,5,1,2,4,2,0,1
e0XkAdF3,0,3,0,1,3,1,0,2,0,2,0,1
5BHjs0Tn,0,4,3,1,4,2,2,3,2,1,1,3
zjtlhgtM,0,0,0,0,0,1,0,0,0,0,0,1
jnWPytyY,0,0,4,3,1,3,1,1,6,1,1,3
fXgLgDVd,0,2,0,0,1,4,0,3,3,1,1,1
wWjiGhpr,0,4,0,1,1,2,0,2,0,0,2,2
KyFAhP6H,2,0,3,2,2,3,0,1,6,2,2,4
DglaRPHt,0,1,0,1,0,0,0,0,0,1,0,0
lFor8ugu,0,1,4,0,1,5,1,2,3,2,2,3
5hMQtEm2,0,0,2,1,1,5,0,1,0,1,2,1
lNcgryNC,0,2,1,3,1,3,0,0,1,2,2,0
gNSESMlx,0,3,0,1,1,2,0,1,0,2,2,2
sQRvIYDq,1,0,1,3,1,3,1,1,2,1,1,3
wPTrUoUt,0,1,0,0,2,2,0,1,0,1,1,1
srxUzRHG,1,1,2,1,0,6,0,3,2,1,2,1
83Pa1yYX,0,3,2,3,1,2,2,2,1,0,2,2
gL269OIU,1,4,0,2,0,3,0,6,0,3,1,2
5G1LKUGm,0,1,0,1,0,3,1,0,1,0,1,4
FSjB5FSG,1,5,1,0,1,2,0,2,1,1,4,3
AQ2wvEV4,0,2,2,2,2,2,0,4,0,2,1,1
WJHkhgiL,1,1,1,3,2,4,1,0,2,2,1,4
ye6tuB72,0,4,0,2,2,1,0,2,1,1,0,3
9XhsGXWA,0,1,1,3,2,2,0,0,1,4,1,3
rfm3nHlF,0,3,3,1,3,1,3,1,1,2,2,1
BKpQo5gS,0,0,0,1,1,2,0,3,0,1,0,2
GQr0mFiS,2,3,1,1,0,4,1,1,2,4,1,5
0RsRUOBu,0,0,0,0,0,0,0,0,0,0,0,0
h3uVkdCe,0,1,2,1,0,4,0,0,1,2,1,3
W5CFJDZB,0,0,1,1,1,2,0,0,0,0,1,4
HXDOu4AT,0,1,1,2,4,0,1,0,1,3,1,1
eoXOK9bV,0,1,1,1,0,3,0,2,1,0,0,2
RIQf5O1H,0,0,0,3,0,6,0,0,0,3,2,3
HKIOHFXa,0,0,1,2,1,1,0,0,0,2,1,4
J3NSOs1A,0,0,1,1,4,3,1,2,1,4,1,3
hIB7sIMU,1,0,5,2,3,2,0,2,4,0,2,3
2H1DQ1EZ,0,1,0,1,3,1,0,0,1,0,0,4
xg6vDlhm,0,0,1,2,2,3,0,2,2,0,1,3
3aqeEg86,0,1,0,0,1,0,0,0,0,0,2,3
70F6lXTZ,0,1,1,1,1,4,0,2,1,2,3,3
ykwxjDw5,0,0,5,1,5,2,1,5,1,3,1,2
yOcDQ5wb,0,2,1,0,3,2,1,1,0,2,2,2
4AjFj3rD,0,3,0,0,0,2,0,0,1,1,3,0
KFhjfoSN,0,0,0,0,0,0,0,0,0,0,0,0
wPCXRQ4p,1,1,5,2,1,4,3,4,5,3,0,0
GyuZIDwE,0,2,1,2,5,1,1,0,2,2,2,1
M8mST65z,0,1,2,1,2,2,1,0,0,2,2,2
5XPawhwj,0,4,0,1,2,1,0,0,1,1,0,3
TGcNYuTu,0,0,1,0,0,1,0,1,0,2,0,1
MVO9VvWk,2,1,0,7,1,1,1,0,1,3,3,1
HRuQ9KIO,0,5,0,2,1,1,1,0,1,3,1,2
XVjTm4bb,0,1,0,1,1,1,0,0,0,1,1,1
cAefJets,0,1,0,1,0,3,0,4,0,3,1,2
SQ6cyubf,0,2,0,0,2,6,0,2,3,2,2,4
7Xi9iQ7b,0,1,2,3,1,3,0,0,5,4,1,2
2nSCCKcx,0,1,0,2,1,0,0,0,0,1,4,3
5nlZeoRQ,0,7,1,0,1,2,1,0,1,0,1,3
ekTzq18W,0,1,0,2,1,4,0,1,0,2,1,3
L7f0cg78,0,6,1,2,1,0,0,0,0,2,1,5
k4x6IxNp,0,1,0,2,0,0,0,0,0,3,1,1
doo7zOfF,0,1,0,3,0,6,1,1,2,4,0,2
z24wE5vM,0,0,0,0,0,0,0,0,0,0,0,0
llG9Mkds,0,4,1,1,1,1,0,0,1,1,2,5
RHRlnINS,0,2,0,5,0,2,0,0,1,3,0,1
fo4ohSIA,0,0,2,0,1,4,0,1,0,2,1,2
aeCDOkrA,0,2,1,0,1,2,0,0,1,2,1,0
OzvkoOOf,0,7,1,1,1,1,1,0,3,4,0,1
ndspmHGz,0,3,3,0,0,5,1,2,2,2,1,3
XpdZ9adM,1,1,4,3,2,1,0,1,1,4,1,5
eiSpdvZG,0,2,2,2,0,5,1,1,2,1,1,2
gLTehHsW,1,1,1,1,4,2,0,3,5,1,2,2
pjMzFTPh,1,0,1,2,0,5,0,1,1,3,1,1
lusp1Qmv,0,1,1,4,0,1,0,0,1,2,0,5
EILSHwPa,0,0,1,9,1,4,2,3,0,1,1,4
KREXbOS3,0,4,2,0,3,3,1,1,1,2,3,2
0MIxumgv,0,0,1,2,0,4,0,1,1,1,1,2
DwnKaUvy,0,0,4,1,2,1,0,1,2,1,2,1
PXkVoe6R,1,2,0,0,0,7,0,1,3,1,1,2
C3UYE2HE,1,2,0,1,2,3,0,1,4,3,0,3
lcGPl2Xx,0,2,2,0,1,2,1,1,0,2,2,2
asiBosTc,0,2,0,1,0,0,0,2,0,2,1,1
EZlrDDO8,1,1,2,2,0,2,0,1,3,4,1,3
s8ZpdhUK,0,0,3,3,1,6,2,1,1,1,1,5
YeONbwy5,0,3,0,2,1,2,1,2,0,0,1,1
pZbl5KeF,1,2,3,3,1,2,0,0,3,1,2,2
DI4RfU2G,1,5,0,1,0,3,1,0,3,1,3,1
PYrnR4Hh,0,2,2,5,1,2,0,0,6,2,2,1
4O7DNzLk,0,0,0,1,3,1,0,0,0,1,0,3
Fe5mhLEP,0,1,3,2,1,5,0,0,3,6,1,3
YTXkuoW6,0,3,0,1,1,3,0,3,0,3,1,3
9YyoBfdo,0,0,0,2,3,1,0,0,2,0,1,3
J7zYsED0,0,0,3,2,2,1,0,2,1,3,2,3
3Tk2vEeF,0,1,0,0,0,1,0,0,0,0,1,3
5O6D13Gd,0,2,2,4,1,2,2,1,1,4,1,1
dChA5HtE,0,1,1,3,0,4,0,5,3,2,2,0
hyYcx8U4,0,5,0,1,1,1,0,1,2,1,1,3
LP2ITb4n,3,1,3,2,0,3,2,1,5,1,3,1
UDC3yUoY,0,0,0,1,3,0,0,0,0,1,0,1
9w494Pih,0,1,0,1,0,1,0,0,1,1,0,2
PurLiEXF,4,0,2,3,1,2,0,3,6,3,1,2
kjcwx8Ag,0,1,0,3,2,3,0,1,1,1,1,4
ZKEyK1sk,1,4,1,2,0,3,0,3,4,4,0,1
iavpNBGh,0,4,2,4,0,3,0,3,0,1,2,2
bC4sirpI,0,3,1,2,3,1,1,1,1,4,0,2
lXScTSyd,0,1,0,0,3,1,1,3,1,1,1,1
JJ5Y3m36,0,0,1,2,3,2,1,3,1,2,0,2
poR9I5kY,0,1,0,0,2,4,0,3,0,1,1,3
atlN9DEm,1,3,1,2,1,2,0,3,2,3,0,1
A3mIn2f4,0,1,1,1,1,3,0,0,1,3,2,1
R9okcVPk,0,2,2,1,0,3,0,1,3,2,2,2
ZQxyuw8A,1,1,4,2,0,1,0,0,0,5,3,2
qsSbqKrm,1,1,0,2,3,2,1,1,0,1,0,3
6L0FBnmi,1,0,2,2,3,1,0,3,5,0,0,4
AUDTXexH,0,0,1,3,4,1,0,1,1,1,0,4
axDwSVwe,0,5,5,0,1,2,2,1,1,1,3,1
Fp9aWzH3,0,3,0,0,1,1,0,4,0,1,2,0
btUzOxZ8,0,4,1,1,4,3,2,0,1,3,2,2
k7pXSZIh,0,2,0,1,4,1,0,3,0,1,1,2
mqFbFMYa,0,1,0,0,0,3,0,0,1,2,1,0
V5dq42Du,0,0,4,4,2,1,1,1,2,2,2,2
PjxBMUFL,0,3,2,1,0,2,1,0,1,2,1,1
j6gTYS9T,1,0,0,2,1,6,0,2,4,2,3,1
IwBRqTDJ,0,1,0,1,0,2,1,0,0,0,1,1
kTZI8xpU,0,0,0,1,0,3,0,3,0,2,0,0
EMOMEcL8,0,0,0,2,1,2,0,0,0,1,1,4
EeyF40FX,2,1,5,2,0,5,0,0,6,1,3,4
7oFPkC3R,0,1,1,2,2,0,3,4,0,1,1,1
hK1FrwV5,0,1,5,2,2,2,0,2,1,2,1,1
HWbJC3uz,0,3,0,1,1,3,0,3,0,2,2,1
HqHjQgag,0,4,1,2,0,3,0,4,2,2,2,1
i5SgORe2,1,0,1,3,3,1,0,1,1,2,0,5
YuKIZHS9,0,2,1,3,1,2,0,2,1,3,1,2
wipxq24s,0,0,3,0,2,1,0,1,1,1,1,2
e2wvNyrI,0,2,1,0,0,2,0,3,3,0,1,1
JFzpMInw,0,1,0,0,0,4,0,0,4,1,4,0
0H4EJ2ha,0,0,1,1,0,4,0,0,1,2,2,5
OUK5qN3Y,0,0,0,0,0,1,0,0,0,0,0,0
iexjA3qU,0,0,0,3,2,3,0,0,0,1,2,4
bxapJn4u,0,0,0,0,0,6,2,4,1,0,0,0
TqUNMdbP,0,0,0,0,1,2,0,0,0,1,1,1
CjuTV8zQ,0,2,0,1,1,3,0,1,2,2,2,0
Oo4pDY5X,0,2,0,2,0,1,0,2,0,1,1,2
YsWSMyGz,0,2,4,3,0,1,1,5,2,1,0,2
dyR92Xa1,0,1,3,3,3,2,1,0,4,0,2,2
sZMZbADs,2,0,1,2,3,6,1,1,2,2,1,5
a5cnbAhJ,0,0,0,1,1,2,0,3,0,1,1,2
bOp2oO2H,0,0,1,3,2,1,0,1,2,1,2,3
hmVWsGHk,0,3,2,0,3,3,1,1,1,2,2,2
R3DaCM5U,0,4,0,1,1,1,0,0,0,0,2,3
NVFNHyA8,0,2,0,1,1,0,1,0,0,1,1,2
rFW7mS6h,2,0,3,2,2,4,0,1,1,8,1,3
QtaiFJDB,0,1,1,2,0,3,0,0,2,3,0,2
uWFNB7eR,0,0,0,0,0,1,0,0,0,0,0,1
zKAUcPkV,1,0,3,1,4,3,1,2,1,3,0,3
f1M2omVE,2,0,1,1,2,3,0,2,1,2,4,1
LxYzrz7m,0,3,0,1,2,3,0,0,2,1,0,4
3JXRepu5,0,0,1,2,0,2,0,0,0,2,2,1
3WBTvCvz,0,2,1,1,0,2,1,1,1,2,0,0
galF117g,0,1,0,0,0,0,0,0,0,0,0,2
IQaJ1sKl,0,2,1,1,0,3,0,1,1,1,3,3
xdE9CjSn,1,0,0,1,2,1,0,2,0,3,0,4
FLZP5zKy,2,3,0,2,4,0,0,1,3,3,2,3
lQNvLLXf,0,1,0,0,0,3,0,0,1,1,2,2
E0yXWe2Q,0,0,1,1,2,3,0,5,3,2,3,1
bqD8hNCj,0,3,1,2,3,5,0,0,4,3,2,4
zxbjx7tJ,0,1,0,3,1,3,0,1,1,2,0,3
j9QVaNdr,0,3,1,4,2,1,0,1,1,0,2,3
HXBCCAP6,0,4,1,2,1,2,0,0,0,1,2,5
777QtjJf,2,2,7,0,0,4,1,0,1,2,1,4
pmyHZeOK,0,0,0,2,2,2,0,1,1,1,1,0
VwXaDGtY,0,0,0,1,0,2,0,2,0,1,2,0
xeKM3SsY,0,3,4,1,4,2,0,1,4,2,3,1
g29VaeXc,0,1,0,0,1,3,0,2,0,1,3,1
lypMg7BL,0,2,2,0,1,3,0,0,0,2,2,4
bjE0jzVv,1,1,1,1,1,4,0,0,5,1,1,5
ogAU9c8q,3,0,4,2,3,3,1,1,5,3,1,3
GjPHkCOx,0,0,2,2,2,2,0,4,0,3,1,2
uPviyPN5,0,2,0,2,4,0,1,2,1,1,1,2
bJF0u7EI,0,1,1,1,2,1,0,2,2,0,1,4
NmH3DJkr,0,0,0,0,1,4,0,3,0,2,1,1
SqK94ECl,1,1,6,2,1,4,5,3,3,1,2,1
4d18jrbD,5,0,2,2,1,4,3,2,2,1,5,2
BQjeYarv,0,2,1,0,1,3,0,5,1,1,3,2
rbqn8ljj,1,1,1,2,1,3,1,1,0,3,1,3
3Ag5U0Ut,0,2,0,2,1,2,0,2,0,0,0,3
t64Ne0C2,0,3,1,2,3,0,0,2,2,0,1,2
4mzAaG5Q,0,2,1,2,3,3,1,1,5,0,1,5
RLspeMCP,0,0,0,0,2,2,0,1,2,2,2,0
LmDQUY4k,0,0,0,0,0,0,0,0,0,0,0,0
3OXCoclp,2,2,1,3,0,3,1,0,0,1,4,4
cVRTxsBT,0,3,1,2,1,1,0,1,1,1,1,1
oQyEkxls,2,1,3,0,1,4,1,1,4,2,1,3
mH7xZNTD,0,1,1,1,1,2,0,1,1,5,1,1
nvXzItrW,0,1,5,2,0,4,0,0,0,3,3,4
3uxEIMt4,1,1,0,2,2,1,0,1,0,1,2,2
XC4U5qSz,0,4,1,1,0,1,0,1,2,0,0,2
yDqKc99D,0,3,0,2,1,1,2,1,1,2,0,1
5wGmnTWK,0,1,0,1,1,3,0,4,0,2,0,2
PIp93th1,0,0,1,1,0,3,0,0,1,3,1,0
xDlI7HxW,1,1,5,3,1,4,3,0,2,2,4,2
hTpoS5ix,0,1,2,3,4,2,2,1,0,2,1,3
Mt69T6kN,0,0,2,0,3,6,1,2,2,3,2,3
LpzifAB7,0,1,0,4,3,3,0,3,2,1,0,0
CzKaYGNQ,1,1,0,4,1,4,1,0,4,3,1,3
ZYoa2VDj,0,2,0,2,3,0,1,0,0,2,1,1
vpJV3siI,0,1,4,2,2,1,1,2,1,0,2,3
Y9TxkzUq,0,0,0,0,1,3,0,1,1,2,1,0
zXstXlEb,0,1,1,2,0,0,0,0,0,1,1,1
oLbvV4pp,1,0,1,2,3,4,0,1,1,2,2,2
KfE2BsAs,0,1,1,0,1,3,0,0,0,2,1,2
gCjF15rr,0,2,2,1,0,3,0,0,5,2,2,2
XXySuH1z,0,1,0,0,0,0,0,0,0,1,2,0
YCbaNZRj,1,0,2,0,1,0,0,3,2,1,1,4
Jfi0Whpm,1,2,0,2,3,0,0,0,0,0,1,3
5U8VcRrO,0,0,0,1,2,0,0,0,0,0,1,2
GXiY80Pt,0,0,0,1,0,0,0,0,0,2,0,1
2Z8kxAHu,0,1,1,0,0,5,0,2,1,2,2,2
lpxq31g1,1,3,1,1,4,1,0,4,1,1,4,2
vyNBzV4z,0,3,1,4,3,0,1,1,2,1,0,2
9tma066d,0,2,1,0,1,2,1,1,0,2,2,2
XDnxdmmB,1,1,2,5,2,0,0,2,5,1,2,5
ZYFd9bcO,3,1,0,1,3,1,0,1,2,3,2,3
G0VFjwsF,0,1,1,1,2,0,0,0,2,1,2,2
SNozUGdU,0,1,0,1,0,0,0,1,0,0,0,2
D9xE6vFt,0,1,4,3,4,3,2,0,2,2,1,1
edPy96d5,0,1,2,3,1,2,0,3,1,3,3,2
XehJbhTS,0,0,0,1,1,1,1,0,0,0,1,2
JuP45F9z,2,0,1,2,0,3,0,1,3,2,3,2
TPbilW72,0,2,1,1,0,1,0,0,0,1,3,1
rI0nByPk,0,1,0,1,1,0,0,0,0,0,1,1
k3g8t0U2,0,0,0,1,2,0,0,1,0,0,1,1
Ttqh9JQN,0,2,0,0,0,4,2,0,2,3,3,0
1ZC57Dsg,0,0,2,2,0,4,1,1,2,4,1,1
EFz4p6d1,0,0,4,1,2,6,3,1,0,1,3,3
oV6rUFbs,0,2,2,0,0,3,0,1,2,2,2,2
tpZn47R5,0,1,0,2,0,3,0,1,0,0,0,3
VI8hCFoC,0,3,0,2,0,2,0,1,1,0,1,1
ZSorR6C0,1,0,1,2,5,2,0,1,1,2,0,3
YLv8LD9e,0,1,0,3,0,2,0,1,0,1,1,3
u1zjgFEi,0,2,0,0,0,1,0,0,0,1,4,2
GpXDBZ0y,1,1,0,2,0,2,0,0,1,1,1,2
vojGKGRi,1,1,1,2,3,3,1,2,2,0,2,1
9DTd9ybo,0,6,1,1,0,1,0,1,1,1,1,1
0aH7lDYd,5,0,3,2,1,4,2,2,3,2,2,4
STRlCvls,0,0,0,2,1,2,0,2,0,2,0,1
O9hDtam5,1,3,3,2,0,2,0,2,2,1,4,3
JEeV1zXl,0,2,0,2,0,2,0,0,1,3,0,3
ELYPoOEt,0,0,0,4,0,2,1,0,0,0,1,1
zORsPJ2e,1,1,1,2,0,4,1,1,3,2,3,1
dABdlv5R,0,1,1,0,0,4,0,0,0,2,0,2
hPbLomTY,0,0,0,1,2,3,0,2,0,2,0,2
QDaXncAD,0,1,2,2,1,3,1,0,1,2,3,2
li8HbPRE,0,0,1,2,3,2,0,0,1,1,1,2
FrJ7mAqH,0,0,0,1,2,1,0,2,0,0,0,1
xGHAyjhL,0,5,1,2,1,1,0,1,1,2,3,1
nNPbGKPX,0,1,3,1,2,4,1,2,1,3,2,1
9zAqUS8B,3,1,2,2,2,5,5,2,2,2,1,2
qH2JP2At,0,2,1,0,2,3,1,0,0,1,0,2
dByvqhNf,0,2,0,5,2,2,1,1,2,2,0,3
0zKm9L5Q,2,0,2,2,1,3,0,4,3,3,1,2
1hlZqNYv,4,1,0,2,0,2,1,0,6,1,4,2
yTdVGH2s,2,1,3,2,3,3,1,0,6,3,0,5
O2BCCbWw,0,2,1,1,0,4,1,0,3,3,1,2
XF76C2wb,0,0,0,0,0,4,0,4,1,2,2,1
hYT3rXFq,0,1,1,2,1,1,1,0,1,2,0,3
TqlmSOFt,0,2,3,0,1,1,2,3,2,1,2,3
lPRoKTDJ,1,0,1,3,2,2,0,1,0,2,2,5
XsawNNYk,0,2,0,1,1,1,0,0,1,2,4,2
8w48SUiX,3,1,2,1,0,4,0,1,1,2,6,5
ozrMVlBw,0,2,1,1,1,5,1,3,1,1,1,5
Bq5PRHMO,0,0,1,3,3,2,1,1,7,4,0,2
P3pGeLrJ,0,3,1,2,0,2,1,1,0,2,1,1
KJ5AbGqb,0,1,0,1,1,3,0,1,0,1,3,1
JhC5eAVr,0,2,2,3,0,4,2,0,1,2,5,3
9XzS2YZP,2,0,2,1,0,5,0,2,6,3,2,2
WRK56HKS,0,6,2,2,2,3,1,1,2,1,2,1
ME8J5DAf,0,1,0,2,5,0,0,1,0,0,1,1
ijIVLtF1,0,0,0,3,4,1,0,3,1,0,2,3
7jgCjycb,0,4,3,0,3,5,2,0,1,3,0,5
JnOsprNy,0,0,0,0,0,0,0,0,0,0,0,0
2Zl09smZ,0,0,2,1,0,5,0,0,3,3,1,2
0gAF7t2y,0,0,0,1,1,4,0,3,1,2,1,1
eoa0La8m,0,0,4,3,0,6,1,3,2,2,2,1
9680LgmD,2,0,3,3,1,3,0,2,5,3,1,3
RDf6naM4,0,2,1,1,3,3,0,0,3,4,0,4
ASw6s5mu,0,3,3,0,0,4,0,0,1,6,1,0
t3ym5SxZ,1,0,1,2,3,3,0,1,2,1,1,4
WaYBJbyE,0,4,0,1,1,1,0,2,1,1,0,2
JaElmweK,1,0,5,5,0,3,0,1,4,2,1,3
5NX1yLQK,0,2,0,1,1,2,0,3,0,1,1,1
pOShdoKb,1,2,2,0,0,3,0,1,0,1,3,2
nyyLRpnP,0,1,0,0,2,3,0,5,0,1,2,2
zraShHb1,2,1,0,0,1,2,0,0,5,3,2,0
EmWWZtb3,0,0,0,0,0,2,0,1,0,0,2,0
SCY8GDSD,0,3,0,2,1,1,0,2,2,1,1,2
TeD6LSJR,0,0,6,1,0,4,0,2,0,2,1,2
CH1BVxFv,0,1,2,0,3,1,0,0,2,0,2,3
kzY2AUmr,0,1,0,4,2,2,2,0,0,2,0,1
xZC03SmS,0,0,1,0,0,3,0,1,0,2,2,1
TI3VsuLA,0,3,1,1,4,1,0,0,0,1,0,3
jCm6Bxzi,0,1,2,3,1,3,0,0,2,2,1,4
LBmAdzAA,0,0,0,0,1,3,0,2,0,2,2,1
y7BQX61Y,0,3,0,1,2,1,0,0,0,0,1,4
HcSk7RuQ,0,4,4,3,2,2,2,0,1,0,2,4
HSKwnG53,0,2,2,2,1,1,0,0,1,1,1,3
mmL2stDj,2,0,1,0,0,3,0,3,3,1,3,1
RQ9C22EX,0,0,0,2,0,2,0,0,0,1,0,3
S4jT6UJh,2,2,0,1,5,5,0,2,5,2,1,4
hzvTnkN0,0,0,2,2,3,1,1,1,1,4,0,1
DXCi9KDc,0,2,0,3,0,4,0,1,1,2,0,3
z8Y8xMPB,0,0,0,0,0,0,0,0,0,1,3,0
PKhXQGbS,0,3,0,1,1,4,0,0,0,4,2,4
WRzuo6xN,0,1,1,0,2,1,0,3,1,1,2,2
hHT7MEVR,1,1,4,3,1,2,0,0,5,4,2,3
FNHOpRlS,2,1,2,2,1,3,0,3,2,0,2,4
rbQxA2jZ,0,3,1,4,0,4,1,3,2,1,1,2
DP94nPx4,0,0,1,1,0,5,1,1,1,2,0,2
Mb58Ut9Q,0,2,1,1,1,2,0,3,1,3,1,1
2gLRtYii,0,0,1,0,3,1,0,0,1,2,0,3
r9egjtOF,0,3,1,0,0,3,0,2,0,2,4,1
Z6iSD0cZ,0,1,1,1,3,1,1,1,0,0,1,2
JOJCeOOX,0,3,3,1,3,1,0,0,2,1,1,4
osj0uMkh,0,2,0,1,0,1,0,1,0,0,0,1
2UQNmqeO,0,0,3,3,0,4,0,1,1,1,2,0
3gVp00J5,0,1,0,3,3,0,0,1,1,0,1,3
0S8hmauu,0,1,2,1,0,5,0,4,0,2,2,2
2C50QFnw,1,0,1,3,1,4,1,2,2,2,2,4
Dooh3yAm,0,0,0,0,2,2,0,0,0,0,0,2
0wbdriLe,1,0,5,2,5,2,0,2,4,0,1,3
6TPInKwO,0,2,3,1,1,1,0,6,0,3,0,3
t4lLUvuQ,0,0,3,2,3,1,0,0,1,1,4,5
ct5D97Fx,0,0,0,1,3,0,0,0,0,0,1,1
ibckrvqe,0,2,0,1,2,3,0,1,1,1,2,2
d0OV0OWb,0,0,0,3,0,2,0,0,0,0,0,2
gO2VjUMq,0,3,0,1,0,1,0,0,0,1,2,0
AEasqRBZ,0,1,0,1,2,1,0,2,0,2,0,0
uusjdjvS,0,1,0,0,2,4,0,1,4,2,0,4
WlRYG3aJ,0,1,1,2,0,4,1,0,1,3,3,1
mfB8OfWI,4,0,2,0,1,6,1,1,3,3,1,4
66zGHCqD,0,1,2,2,1,1,0,0,1,8,2,1
b5BKFK3M,0,2,0,1,0,3,0,3,1,2,1,2
k4EYbPLW,1,4,1,3,0,1,0,2,2,3,0,1
h7q38MnC,2,1,2,2,4,2,1,2,0,2,2,5
TCmiEMzC,0,1,2,1,1,4,0,6,0,2,2,2
SBXHUMbJ,1,2,0,3,1,1,0,3,0,2,1,0
XX0ZadJJ,0,1,1,1,1,3,0,3,3,1,1,2
3CSkKuU3,0,1,1,1,1,1,0,4,0,1,2,3
KlaGxXEC,0,2,0,3,1,2,0,3,1,1,0,3
gRpjCtCq,0,0,0,3,5,3,0,2,3,1,2,2
gVNvit12,0,1,0,3,0,2,0,0,0,3,1,1
YrGUr0wS,1,1,5,3,2,1,1,0,6,1,1,3
YL7imjEN,0,6,0,0,0,1,0,2,0,0,1,1
hrtK8l8l,1,2,3,2,2,3,0,0,3,3,2,4
IyqvfCIF,0,0,6,2,0,2,1,2,4,2,0,1
v5afUARw,0,2,3,2,0,1,1,0,1,2,0,2
O7CGfFXG,1,0,1,3,1,4,1,1,5,0,3,2
vnNOvflh,0,1,3,1,2,4,0,2,2,3,1,5
8ZZXvuTY,0,1,0,0,0,3,0,0,0,0,1,2
KAqX1Bj4,0,1,0,1,1,4,0,0,0,3,2,2
xiI3pilW,0,2,2,2,2,2,1,1,3,1,1,2
QnJggast,0,0,0,0,2,1,0,0,0,2,2,0
ju09pZy9,0,1,2,3,0,4,1,1,2,4,0,2
ecNWXGsW,0,2,2,1,1,3,0,0,3,1,0,2
4b7ZmsdF,0,0,0,0,0,2,0,0,0,1,0,1
v7sSxL3g,1,1,3,2,3,1,0,2,2,0,0,5
dBICZ2S4,0,1,5,0,1,3,1,0,3,2,0,2
glGsFhof,0,3,0,2,1,4,1,1,3,0,1,3
7lgk9X9W,0,1,1,0,2,4,0,0,1,7,1,1
DHpYkbUU,0,1,0,1,2,1,0,1,0,0,1,1
9KiqJiEE,0,3,2,1,0,6,2,2,1,3,2,2
JcV7axsD,5,0,2,4,0,4,4,1,3,2,2,3
vmx7SyJW,0,1,1,1,6,1,0,1,2,0,3,1
i4hYZudR,0,0,0,0,0,0,0,1,0,0,0,0
AyPmPNCE,0,1,2,2,3,2,0,0,2,1,0,3
JYswQ0V7,0,1,1,0,1,2,0,4,0,1,2,0
GiDZtORf,1,2,0,2,2,1,0,4,1,1,1,3
Wz0oSmSp,0,1,1,1,0,3,0,3,1,1,2,1
n3HYzu1y,0,1,1,2,2,3,1,4,0,1,0,4
yc9rJk0s,0,4,1,1,3,1,0,1,1,1,0,2
g7xiz58F,1,1,1,1,0,4,0,1,2,2,2,2
9dFF5D1g,0,2,1,3,2,1,0,2,1,1,2,2
0kArcjlU,0,3,0,2,1,1,0,0,1,1,0,2
cvzbFukj,1,0,1,1,0,4,0,1,1,3,4,3
CczNTCxn,1,0,0,1,1,4,0,1,3,4,2,1
xqU562W1,0,3,0,1,0,1,0,1,2,2,0,1
LHHOBCpr,1,0,1,1,1,5,0,1,1,2,1,3
37WBh9A5,0,6,1,3,0,1,0,1,2,0,1,3
gcbGW13e,0,5,0,2,1,3,0,0,1,2,1,3
jdgDwVYC,0,1,0,2,2,2,0,5,0,1,2,1
rwwQ82I9,0,1,2,1,6,1,0,1,2,1,0,5
hJeuh6rw,0,1,7,0,0,6,0,1,1,2,5,2
ppIosdsY,0,1,2,2,2,4,2,1,3,2,3,2
PjWFMLoG,0,2,3,1,2,3,0,0,2,2,4,4
eIGHgt8P,1,0,0,7,4,0,0,0,2,3,1,1
iYxAaJFA,0,1,0,0,1,4,0,2,0,1,4,1
KhnDEJgT,0,2,1,1,0,5,0,2,2,1,3,1
FR401lgH,0,4,2,2,0,1,1,2,1,1,2,3
AmSxW6MI,0,2,1,1,3,1,2,0,2,1,1,3
1ueNIQra,0,1,0,3,1,3,1,6,1,0,1,2
hxRENV2B,0,4,0,1,1,3,0,4,1,2,2,0
AWgW7noT,0,1,2,4,2,1,0,3,2,3,2,1
XblYdHke,0,1,0,1,1,0,0,0,0,1,0,3
b1IBQXrf,0,1,0,1,0,1,0,2,0,1,0,1
5SSMPJ2e,0,1,3,1,3,0,0,0,1,2,3,3
fxMEBzWd,0,0,0,1,3,2,0,0,0,0,5,2
F1uTzrbr,0,1,1,2,3,2,0,0,2,2,2,4
wgWS9Ul1,0,1,0,1,1,2,2,0,2,1,0,2
mvwg8zoy,0,1,0,2,1,0,0,1,1,0,1,2
ltsKz9Ah,0,4,0,1,3,1,0,2,4,2,2,3
s6O47jFE,0,0,0,0,0,3,0,1,0,2,3,1
DHspV6jL,0,1,0,1,0,2,0,1,0,1,1,0
tBc5Ltsj,1,1,1,3,1,5,1,1,3,1,3,6
QhYK1Htj,0,0,0,1,0,3,0,2,0,1,2,1
4qsi3P01,2,1,0,2,0,3,0,1,2,6,2,2
ZrsbzLBF,0,0,3,2,3,1,1,2,1,1,0,3
gkzeB3OR,0,0,0,2,1,1,0,2,2,2,0,2
aA5p0zgO,0,2,4,0,1,2,1,0,0,2,2,1
93Vh8GnY,0,2,1,1,2,1,0,1,2,2,1,1
4IHteT90,0,0,0,2,0,3,1,1,2,0,1,2
p2lvwCr0,0,2,0,0,1,1,0,0,0,0,1,2
q9bGfalH,0,1,0,2,0,1,1,0,0,0,0,1
I46kobfn,2,0,0,1,0,3,0,4,0,3,2,1
mBdVaHCk,0,2,3,1,1,2,0,0,1,0,1,2
78V3dPjC,0,1,0,0,0,0,0,0,0,1,3,0
BXr7VVNB,0,2,4,6,2,0,0,1,3,2,1,4
IeWiJBev,0,0,1,1,2,2,0,0,1,1,0,2
1ZLmXNYu,0,0,0,0,0,0,0,0,0,0,0,0
NjngStLI,0,0,1,0,2,2,0,3,0,0,4,3
CzwON694,0,1,1,2,2,1,0,0,1,3,0,2
WD2LHN9E,0,5,0,1,1,1,0,1,0,5,0,2
NnEyFFdE,0,0,2,1,1,3,0,0,0,4,3,2
pe7Wuv76,1,0,0,0,3,3,2,1,1,2,3,2
lRBoSvfH,0,0,0,1,1,3,0,2,0,1,0,3
jxIVWRF7,0,2,0,2,1,1,0,3,0,1,0,2
kLkwjfvd,0,1,0,0,1,2,0,0,0,3,2,1
SWXVoYW5,1,0,0,1,0,1,0,1,0,1,1,0
uvBdk1v8,0,4,2,1,1,2,0,2,5,1,1,3
CCQhuanq,0,1,0,1,2,2,0,1,0,2,0,3
pDX7mi3K,0,3,2,0,0,1,0,0,1,3,2,0
D7tYxbCG,0,1,0,1,2,4,0,0,5,1,3,2
w73MZnEG,1,1,0,1,1,2,0,8,0,2,1,4
QFksMTRf,0,0,0,2,1,2,0,2,0,1,0,1
1md19C7M,0,0,3,1,2,2,2,1,2,2,2,2
ZFOoyjI7,0,1,0,2,1,2,0,3,0,0,2,3
2o6ZQMZJ,2,1,4,0,2,3,3,0,0,0,2,5
ZdM3u3zZ,0,3,1,1,1,2,0,2,0,0,0,4
OzqFoMYU,0,1,3,1,1,6,1,1,4,1,1,5
VsfSeT9j,0,0,1,0,0,1,0,0,0,1,0,1
aQwIz9oW,0,1,6,1,1,3,1,2,1,4,2,1
c64hLBQX,0,2,7,1,2,1,0,0,2,4,1,2
ZAuH5KZW,0,0,0,1,1,1,0,0,0,3,0,2
IPQKJIzJ,0,3,2,3,0,2,1,0,1,1,2,1
dAC4o1i3,0,2,0,2,1,0,0,0,0,2,1,1
Y4CUlwlT,0,1,3,1,1,3,1,0,2,2,0,1
LEcd2t1Q,0,0,0,1,0,1,0,0,0,0,0,1
Xs9sNixt,0,2,0,1,0,2,0,1,0,1,0,4
RmFmqQwt,0,2,0,1,0,4,0,0,1,2,1,2
e4E2jj5O,0,1,1,1,1,1,0,0,0,1,0,4
8O26kiIZ,0,2,2,2,2,0,1,0,2,1,0,1
1Etl4OBD,0,2,1,1,2,1,0,0,2,2,1,3
g9Z3ry7R,0,1,0,0,2,3,0,0,1,1,1,0
u5oYahVT,0,2,6,1,1,5,2,0,3,1,2,4
ujF87GxR,0,5,1,4,1,3,1,0,2,1,1,6
NQJBF4E2,0,4,1,3,1,1,0,4,1,3,1,1
nDgdSvDR,2,0,3,0,1,4,1,1,3,2,1,1
L4j8Q6gv,0,1,0,0,0,2,0,0,0,0,0,0
iVQ5yN6c,0,3,2,2,2,3,0,4,3,1,1,4
VGovfLaT,2,0,4,2,1,4,3,1,4,1,2,4
shYE5LSY,0,2,0,2,1,2,0,2,1,3,1,2
4NtXwWtI,0,6,2,1,1,4,2,0,1,2,1,2
u7upHkfQ,0,2,0,0,0,3,0,1,3,1,2,1
X9hO6q8C,0,2,2,3,1,4,1,1,2,1,1,6
B2zvPPxK,0,1,0,3,1,1,0,0,0,2,1,1
jcB4Z0vk,0,0,0,0,0,1,0,0,0,1,0,0
KHrnl1ss,0,0,0,0,2,1,0,7,0,1,2,1
RDIfoaLK,0,1,3,0,1,6,1,1,2,2,3,3
krCCF9Df,0,7,1,2,3,2,2,5,2,1,0,4
7zRptKm4,0,1,2,3,0,2,0,2,1,0,2,2
vxNkDPg0,5,1,2,2,0,3,0,1,4,1,3,2
UkuNQJnS,4,0,0,2,1,3,0,1,2,2,2,2
vEslcBgK,0,0,2,3,1,2,0,2,3,1,1,3
lkbJtpZd,0,1,2,2,2,4,0,2,3,3,1,6
ehbCrK31,1,0,0,3,0,5,0,1,3,2,2,3
6U6Wzh24,0,1,1,1,1,1,0,0,2,2,2,2
hrV2oEp4,0,2,5,0,1,4,1,2,6,3,1,1
MN1PxtWf,0,1,5,3,1,4,4,1,1,1,2,3
OTU5bcva,0,0,0,4,0,4,0,2,1,2,0,4
jLejfMeT,1,3,0,1,1,2,1,3,0,4,0,3
pN5s6K7E,0,0,0,1,1,2,0,7,0,0,0,3
XV1vwD2T,1,0,1,3,1,6,0,1,2,2,1,4
nkvpSVNK,0,0,0,1,2,2,0,2,0,1,3,3
ygcey1hl,0,0,0,1,2,1,1,0,0,0,0,3
fFSueTO3,0,3,1,2,1,2,0,1,3,0,0,3
e1fNN281,0,3,1,0,1,0,0,0,0,2,0,1
pf5H8kbq,0,0,0,0,0,0,0,0,0,0,0,0
DP2WQkAk,0,3,1,1,0,3,1,1,5,2,2,1
W6nS4jwl,0,0,9,2,1,2,0,1,2,4,1,2
HKIHPHBM,0,3,1,1,7,0,0,2,1,2,0,3
6Tfq1OjZ,1,0,2,3,1,3,0,3,4,2,1,3
OFnUIjPX,0,2,4,0,1,2,0,0,2,1,3,1
3ONqt0Dk,0,1,1,1,1,3,0,1,2,1,3,2
zJgIGAxV,2,0,0,3,1,2,0,7,2,1,1,1
wrcNp3wB,1,2,0,2,1,1,1,2,2,5,0,2
Gj1itCLB,0,2,0,2,1,3,0,5,1,1,1,2
upxS9ehz,1,2,3,2,0,1,2,3,1,2,2,1
HoPOrfgN,0,1,0,2,1,2,0,1,0,0,2,1
NfC8oEdG,0,1,2,2,1,2,0,3,0,1,3,2
KH0YgwvV,0,0,2,1,3,2,0,1,2,2,0,1
TlYx4pNk,3,2,2,1,2,4,3,2,4,2,0,4
qLBAQuaA,0,6,0,1,0,0,0,1,2,0,0,2
3ONIofb9,0,0,2,1,0,2,0,3,3,1,0,2
OaxpaVfI,0,1,0,0,0,0,0,0,0,0,2,0
FvR4b7iD,0,1,2,1,0,3,1,1,0,1,2,1
0QwfSpgo,0,5,0,1,0,4,0,1,2,1,1,2
CsaRp25F,1,0,0,4,5,0,1,1,1,1,1,5
afOXVWns,0,2,0,1,2,0,0,2,0,2,1,2
8VM5qNWa,0,2,5,1,1,3,1,0,2,2,1,1
vNvOKsUk,1,1,4,1,2,2,0,0,8,0,1,4
fJtZeihd,0,0,0,0,1,1,0,1,0,0,0,1
qieMYcKS,0,1,0,3,1,1,0,0,0,3,1,2
OQfkFGmQ,0,1,0,0,0,1,0,1,0,1,1,0
heWIdwr1,0,2,2,1,0,3,1,5,1,2,1,1
KBILT0xg,2,0,1,2,1,3,0,2,1,2,3,3
3NLUhxOu,0,1,0,3,4,1,0,1,1,4,1,3
YAxiVeVv,0,1,1,2,1,4,0,1,3,3,0,4
rOSYaN6B,0,1,2,0,1,3,1,3,0,4,2,2
GFZI14XZ,0,3,1,1,1,0,2,1,0,0,4,1
50KHF6Om,0,2,1,2,1,1,0,0,1,2,1,2
kUAoiP6r,0,0,0,0,2,1,0,2,0,1,1,1
nqWlrZ3b,0,1,1,2,5,1,1,0,2,0,0,6
K4ff7vKF,1,0,3,3,1,4,1,5,3,1,0,5
Bpx6UKYp,1,3,6,1,3,1,2,2,1,1,1,3
rGBzMfNV,0,2,0,0,0,2,0,0,0,1,2,1
Q43I5srL,0,2,1,2,2,4,0,0,3,4,1,4
iwcrzB15,0,1,0,1,0,2,0,0,0,1,0,2
k8zNg46D,2,3,1,4,1,1,0,6,1,4,0,4
ptQ256Fd,0,2,0,2,0,0,0,0,0,1,0,1
yWv4IWjJ,0,1,0,2,1,2,0,0,0,3,0,2
J3rkPbwJ,2,0,0,2,3,2,0,1,5,4,1,2
3v79yYBn,0,4,0,1,0,2,0,2,0,1,2,0
EFycY9V7,0,0,0,0,1,0,0,0,0,0,0,0
6XWJFJdm,0,2,0,1,0,3,0,1,0,1,1,0
4Q8n04cD,0,0,2,1,0,3,0,1,0,1,4,2
w0ditTNK,1,0,0,2,1,2,0,2,1,0,2,1
eNBSwwu1,0,2,1,1,2,3,0,2,1,1,0,3
7TyAxSI4,0,1,3,1,6,2,1,0,5,4,2,1
qeyxyycR,1,0,0,3,2,2,0,4,1,3,1,5
21rPwYft,0,0,0,1,0,1,0,2,0,1,3,0
qumcWldY,3,3,5,1,1,1,2,2,1,2,3,3
ldvGM9cQ,0,1,4,2,0,3,0,3,2,1,2,2
mjYANGVl,0,2,1,1,3,1,0,2,1,2,0,2
Z5PoimlL,0,3,0,1,2,0,0,1,0,2,3,3
N8ED8Al8,0,1,2,1,1,1,0,0,2,4,1,1
ZOqnO0vJ,0,2,0,1,1,2,0,2,0,0,2,1
ycvSSeDB,1,1,2,2,5,3,2,0,3,2,1,3
YKEZ9d5N,0,3,1,2,0,2,0,0,1,1,0,3
6rlmPxTA,0,1,2,3,0,4,2,3,3,1,0,1
2MnGWeoL,0,0,0,1,2,0,0,1,0,0,1,2
iTIwxLQs,2,0,2,3,0,2,0,1,3,4,3,3
TSmypUAJ,0,1,0,2,3,0,1,2,0,0,2,4
KHGUOn2l,0,0,0,0,0,3,0,0,0,1,0,0
jFPkyfoy,1,0,2,6,1,3,0,1,1,2,1,6
ZV4rZRau,0,0,2,2,1,1,0,2,0,0,2,4
CT4O5sBl,0,0,0,3,2,1,0,0,0,2,0,2
kHiq9rnW,0,0,8,2,0,3,0,4,3,1,1,2
MDrZ5WRb,0,1,1,0,1,1,1,1,0,0,2,1
0erfvkBV,0,0,0,0,0,1,0,0,0,0,1,1
QxMU1aum,0,2,5,2,2,2,2,1,1,2,2,2
BHE91Ii9,0,1,2,2,3,1,0,1,0,2,0,2
bPP9RRj2,0,0,0,1,1,1,0,0,0,2,0,2
kQh9gbWh,0,0,0,1,1,5,0,2,0,2,1,4
mWNSskiy,0,0,0,0,2,2,0,0,0,1,0,1
Si4fX8jA,0,1,1,1,2,2,0,1,1,1,2,1
AscKlRsV,0,3,1,2,2,0,0,0,0,2,1,3
2UWz4a1d,0,2,4,0,2,6,2,1,5,3,2,1
UN1L502m,0,0,0,3,2,1,0,4,1,2,0,1
iqQ9Z1kr,0,0,0,0,1,4,0,1,1,1,2,1
CyppxDYx,1,0,4,3,1,3,0,1,2,2,4,2
MbubbDZC,0,2,0,2,2,1,0,0,1,3,0,3
qdtP23zy,0,0,2,1,2,4,0,0,1,1,1,5
XWqARbCn,0,0,3,3,2,1,0,2,1,1,1,2
veDC115A,1,1,1,3,0,2,1,0,1,0,3,2
0dbw3FRF,0,3,0,1,2,0,0,1,0,1,0,1
zw3FSIE9,0,0,1,4,1,1,0,2,1,2,1,1
gu2MzseA,0,2,0,0,1,0,0,1,0,0,0,2
NzaDuBe8,0,3,1,0,2,3,0,2,1,3,1,2
EliTUoXD,0,0,4,3,0,3,1,3,0,3,0,3
FAeDfyiN,0,1,4,1,1,3,0,1,0,2,2,6
05h0YGxW,0,1,1,1,2,2,0,3,1,1,5,2
LFfQooVp,0,1,0,1,1,3,0,1,0,0,3,2
FVqQUVxJ,1,1,5,0,4,2,0,1,3,0,0,5
qFS7QZh9,0,0,0,2,1,2,0,0,0,3,1,2
t6g9H9ln,0,2,0,2,3,1,1,4,2,1,1,3
trMuA8rl,0,1,5,4,1,2,0,1,2,5,0,4
psm7aGKw,0,0,0,2,1,2,0,0,0,2,0,1
llV4ri8F,0,0,0,0,1,5,3,1,2,3,0,2
JlN93hm8,0,2,0,1,1,3,0,4,0,2,1,2
AcpTAC89,0,3,0,1,1,1,0,4,2,1,2,2
JPg4gLmP,0,0,0,0,1,3,0,1,0,3,0,0
HV2wtuWu,0,1,2,2,1,1,0,0,0,2,1,2
vPLn8PlX,0,2,0,2,1,2,0,3,2,1,2,2
bWi5dixP,0,1,1,4,3,2,1,5,2,0,1,0
RR21NPCu,5,0,3,4,1,2,5,1,2,2,4,1
zsJAhtG1,0,1,2,1,1,1,1,1,0,1,0,2
FKHJYtTH,0,3,1,1,0,7,0,1,1,3,2,5
fzOyJYfy,0,2,0,2,2,1,0,1,0,4,1,3
n3Z6oFd7,0,1,2,1,0,2,0,1,1,2,3,1
pVV24d1f,1,1,1,0,0,4,0,1,1,2,4,2
dWIYA1wD,1,3,3,2,2,4,1,0,2,3,1,5
eJ0XCu5c,0,2,0,0,2,3,0,4,0,4,0,1
huA5CfpS,0,2,1,1,1,1,0,1,1,2,1,2
KbTHdwfp,0,1,1,3,4,0,0,0,1,4,2,4
qD39R40w,0,0,3,2,3,2,1,1,1,5,2,2
MyIZeVzg,1,4,1,2,2,2,1,0,1,0,2,5
ENPo5j6K,0,0,0,0,0,1,0,0,0,1,3,0
UH6EJNjX,0,2,3,2,1,2,0,3,1,5,1,1
sbG2Vrv8,1,2,0,1,1,1,0,1,0,4,1,2
hCwK5Zrd,0,2,0,2,1,1,0,0,0,2,0,2
bkZplebW,0,0,1,2,3,4,0,2,1,1,1,4
4ExLyIUZ,0,3,0,0,1,3,0,0,0,2,3,3
S4Kut9UV,0,1,0,1,3,1,0,6,1,0,2,1
aFHY5PPp,1,3,0,1,2,2,0,0,0,2,1,2
AT0py1xh,0,5,0,2,1,2,0,4,1,2,1,1
9QZsDZnP,0,1,0,2,1,1,0,3,0,1,3,1
9S40dLoy,5,2,0,3,1,3,1,3,1,1,2,3
M5q8JwQA,0,2,0,1,1,1,0,0,0,0,1,4
Bfur0UtX,0,1,4,3,2,1,3,1,0,1,0,3
jL2echCj,3,0,2,2,1,3,0,3,5,2,0,5
JrDeh5qQ,0,1,6,2,3,2,2,1,5,1,0,4
HPwWwDqg,0,0,4,2,3,2,0,6,1,1,0,3
phOH8i4d,0,5,1,2,1,1,0,0,1,1,1,3
V3YJSFbc,1,1,1,0,1,4,0,1,8,1,0,2
w8qJkuCX,0,3,4,1,0,1,0,1,0,3,0,1
2rSB8rTc,0,1,0,0,1,0,1,0,0,0,0,0
PnsQJzRd,0,0,0,4,2,2,1,0,0,2,1,1
OALEMrbM,0,1,1,0,3,2,0,4,0,4,1,1
KW7im8v2,0,3,2,0,3,2,0,0,2,2,3,2
eu9AhTGc,2,0,2,2,1,4,0,4,2,1,2,4
0qM6rMtb,0,2,1,1,3,2,0,4,2,2,0,2
QjatHP1M,0,1,1,1,1,1,0,1,0,0,1,4
e65DpaN9,0,4,3,1,2,1,0,1,1,1,1,5
W525Dzyh,1,2,2,0,1,6,2,1,2,2,0,4
RzWNf1vr,1,1,0,4,2,1,0,0,2,5,3,3
xMb601F0,3,1,4,0,3,4,1,1,2,2,3,5
PK1s3S2F,0,1,1,2,1,7,1,0,7,1,2,3
jBfKMi6G,0,1,1,0,3,1,0,1,1,2,2,2
gE1odDc2,1,1,0,4,1,1,0,1,2,4,2,1
joqmgoBQ,0,1,2,1,1,1,0,2,1,2,1,1
KReH9CF6,0,1,1,1,3,5,0,1,2,2,1,2
yrwF6l5q,1,0,1,0,1,4,0,0,3,3,1,2
yArwwGzu,0,2,2,1,1,3,1,3,1,1,3,0
uRsnfoWa,0,1,0,1,1,1,0,1,0,1,2,1
Yr8WLqjb,0,0,2,2,4,1,3,2,1,1,1,3
k7RhwN5j,2,3,0,3,0,2,0,0,3,7,1,4
7BzIAYGm,0,2,1,3,2,4,1,2,2,1,1,3
hEIxs6aC,0,0,2,3,0,3,0,1,1,3,1,4
cW7RT2uZ,0,0,2,0,6,2,0,1,1,2,2,1
LzWW3yiF,0,2,2,0,0,3,2,5,0,1,2,2
BSgrIjQj,1,0,3,5,0,3,0,1,1,2,0,6
Kw9sRcwD,0,0,0,0,2,0,0,0,0,0,0,0
QRa3UK5w,0,1,0,1,0,2,0,0,0,1,3,0
0aEY5sTO,0,1,1,2,4,3,2,0,1,2,0,3
7pQ2XXtt,0,0,1,2,2,1,1,2,1,0,1,2
Blx8qUyI,0,0,1,1,3,2,0,2,1,0,1,3
VqlBFFX4,0,0,4,1,3,1,2,0,3,3,2,1
yeD3Y8Me,0,2,1,2,1,3,0,2,1,3,1,2
iQlZIGX2,0,0,0,1,2,0,0,0,0,1,0,2
z2HstSiD,0,0,0,0,0,0,0,0,0,2,0,0
4Tjt4hBb,0,0,1,0,0,1,0,1,0,1,1,2
YUZk8Qrw,1,1,0,1,1,3,0,3,1,1,3,2
ioPxcjlf,0,0,6,1,2,2,2,1,2,2,2,1
6BJIT4bD,0,0,0,0,0,0,0,1,0,1,0,0
PoNxKPZj,4,1,2,1,1,4,1,0,3,3,1,2
l9ruNsiX,0,0,1,1,1,4,0,0,0,2,1,2
RQtGSkdl,0,4,0,1,0,4,0,0,0,2,1,1
hW8DWHJn,0,1,0,1,0,4,0,1,1,1,1,4
0ffYyQcv,0,2,1,3,3,0,0,0,2,1,1,1
SuRad6dN,0,0,3,1,2,4,0,1,3,2,3,4
eR44RF2W,0,1,5,1,2,2,1,1,1,1,1,2
Ly9iPrDx,0,1,0,5,0,4,1,0,0,0,0,0
TTA8RISM,2,4,3,2,0,2,1,1,1,2,7,3
6GhM3wJ9,0,0,2,3,3,2,1,1,1,4,2,3
dlUB5UYI,0,0,0,1,0,1,0,1,0,0,3,0
EKBh1PJu,0,1,0,2,0,2,0,2,0,2,3,0
EEllkRnr,0,1,0,1,3,2,0,0,0,2,1,1
nGP6lbAw,0,2,0,2,1,1,0,0,2,0,1,2
QcUTYYiW,0,1,0,1,0,2,0,2,0,1,3,2
IvK38IyT,0,2,2,0,3,3,0,1,0,1,1,5
DbxOkl8N,2,1,1,1,2,0,0,0,0,1,3,2
rVexX9if,0,0,0,3,0,0,0,1,0,1,0,0
O11A1W4W,0,2,1,2,3,3,2,3,1,1,2,2
gYGDGwRd,1,3,4,1,1,2,1,0,4,1,2,3
53E3nbrB,0,0,0,3,0,1,0,1,0,0,1,1
oFTf7fSH,0,1,3,2,0,2,2,3,2,1,0,5
uZZrhD6W,1,0,2,1,1,4,0,2,0,2,1,4
EMyivfnK,0,2,0,0,1,1,0,1,0,1,0,2
b2voScFB,0,1,5,2,3,2,3,0,1,1,3,2
sqvjptfX,0,1,0,1,0,0,0,0,0,1,2,1
kBKwlEKB,0,2,0,0,1,1,0,1,0,1,1,2
KkDBRHxq,0,0,0,0,0,0,0,0,0,0,0,0
rpRnl3ug,0,1,5,1,3,4,2,1,2,1,2,2
MhoMpe2m,0,4,3,1,2,2,1,1,4,4,0,3
Ht3orRGO,0,3,1,2,1,3,0,1,3,1,1,3
pYNRgSP3,2,0,1,3,4,3,1,1,1,3,1,4
zyBOUmZR,0,1,0,0,2,1,0,0,0,1,1,3
eTnsRXDV,0,3,2,1,1,1,0,1,2,1,0,2
YjA3yMZ1,0,1,6,1,2,5,1,0,0,3,0,7
wRyF5696,1,1,0,1,0,4,0,3,1,3,2,3
PbbVhMPi,0,3,6,1,1,0,0,4,0,2,1,2
PeoKlhAQ,0,1,4,1,0,1,0,0,0,2,2,2
a1mZUYbM,0,2,2,1,3,2,0,1,2,1,2,5
vYzLNnRV,0,1,1,1,1,3,0,1,3,1,3,1
nKOGQ8Gs,1,1,1,1,1,2,0,3,2,2,3,2
kBSjyIAx,0,1,1,2,2,2,0,2,0,1,0,6
Uz0aDmjO,0,0,5,1,4,3,1,1,3,3,2,5
ef3JLHtc,1,0,0,0,0,1,0,1,0,0,0,1
xItby2c7,0,1,2,0,2,1,1,0,0,1,0,3
urmDxd6n,0,2,0,2,0,3,0,4,0,3,1,2
vSJruYKd,0,0,3,2,0,4,0,1,2,2,1,2
4ms9LlUC,0,0,0,0,2,1,0,1,0,0,1,3
GlBq5laN,0,2,4,1,1,1,0,2,2,2,0,4
bBd6dgCt,0,4,1,2,1,0,0,3,2,1,1,4
7vhtj9VW,0,3,0,2,1,2,0,1,1,2,0,4
8PgHlXl3,0,1,1,1,1,1,0,0,0,2,1,0
ESZjBitj,0,2,3,2,2,1,1,1,1,0,2,3
fRt18sqM,0,2,0,3,1,1,1,1,1,2,3,2
tjHKVkNU,0,5,1,0,1,2,1,2,2,1,0,1
IbWzQfYx,0,0,0,1,2,3,1,0,0,4,0,2
QsYUQo1j,0,1,2,2,1,1,0,3,3,0,1,2
n071LZIC,0,1,0,1,1,2,0,0,3,1,3,2
OYksxmjl,1,2,5,1,4,2,2,2,5,1,1,4
4cUP779M,0,1,1,1,3,1,0,0,2,1,0,4
l5KGTOLU,0,4,0,4,1,1,1,0,1,0,0,3
tjkPjDs2,2,1,1,2,1,4,0,1,3,3,1,6
CRWqCnbu,0,0,0,0,1,0,0,1,0,0,0,2
J2fUdKgq,0,2,1,3,0,1,0,0,0,1,1,2
StyaoP5E,2,0,2,1,1,3,0,1,1,3,3,2
VWy0eSgd,0,0,2,2,2,1,1,1,1,2,0,5
kVEv7ScR,0,0,8,0,2,3,1,2,2,2,3,3
uy3valF2,0,0,0,0,3,0,0,0,0,0,0,1
0rwpUMkz,0,5,1,2,0,2,1,0,0,2,0,4
Td8lanX7,0,2,0,1,2,2,0,4,0,1,0,1
dLdsVMzn,0,1,2,5,0,2,3,0,4,2,1,4
WdhQTChs,1,1,2,3,0,3,0,2,1,0,1,1
hlYHf5En,0,0,0,2,0,0,0,0,0,0,0,3
RUvVojk8,0,0,3,2,3,1,0,1,3,1,3,3
L6fFNRDV,0,2,4,3,3,2,2,0,1,4,1,3
tMyzDRLn,0,0,0,2,1,0,1,0,0,1,0,0
FYSpJF35,0,2,0,0,2,1,0,1,1,1,1,1
dOTAH31D,2,3,3,2,1,3,1,0,2,4,0,5
YnEaQp3X,0,1,7,1,1,5,1,0,1,2,3,4
FGQfMkWM,0,0,0,0,2,2,0,1,0,0,2,1
VolBRJSm,1,0,4,2,1,2,0,1,1,0,5,4
CZ1jxhHi,0,3,4,1,3,3,1,0,3,1,6,3
3XhDvTiN,0,4,2,1,0,0,1,3,0,1,1,1
1CfVR0Vo,0,2,0,0,1,1,0,0,0,2,1,0
OLsKtasi,0,0,1,1,4,1,0,1,0,3,0,1
W7O8AYm0,0,1,4,2,3,1,2,0,2,1,2,2
cs9dKOs7,2,1,3,4,1,2,0,1,6,3,0,3
CvYaHI1P,1,1,1,2,0,4,0,6,1,3,2,2
jjtnZeGr,0,0,0,0,0,0,0,0,0,0,0,0
wnIuDQaK,0,2,2,3,1,2,0,1,1,2,1,4
zg1OUQQg,0,1,0,3,0,2,0,1,0,3,2,4
htMKRXzN,1,0,0,2,0,3,0,0,3,2,1,1
IWGRO2z9,0,0,2,0,2,2,1,2,2,0,0,0
ve7TwZmf,0,0,2,2,3,1,0,1,1,2,2,2
8v8YmjcF,0,2,1,2,0,5,0,2,1,2,1,3
BgiHzviW,0,2,3,1,0,3,0,2,0,3,1,2
u8SoLJSu,0,0,3,1,0,3,0,4,1,1,0,3
24yWhnA5,0,1,0,1,1,1,0,1,0,0,4,2
4PgRbGER,2,5,1,2,2,2,0,4,2,2,0,5
VUNcMYgE,0,0,0,1,3,1,0,0,0,1,1,1
UnB3qhAP,0,2,0,0,2,1,0,0,0,0,2,2
BRIHtnSf,0,5,1,1,1,1,0,4,1,1,1,4
JOH1CFgZ,0,1,0,1,3,0,0,2,0,1,0,1
x14PpwW9,0,3,3,1,1,2,0,0,0,3,1,1
Y7IUDzoY,3,0,1,1,1,6,0,1,2,2,2,3
P9W2P611,1,7,1,3,2,0,2,1,5,2,2,2
R3v2gpRi,0,3,0,0,0,0,0,0,0,1,0,2
1ikBSCMx,0,1,3,2,1,4,1,3,0,4,2,2
RacbC3U3,0,2,3,2,2,0,0,0,1,1,0,5
NusQ4lOX,1,0,3,2,2,2,1,1,3,2,1,2
cuyRNOhn,0,5,1,1,2,2,0,2,3,2,1,3
JSC9h8Ah,0,3,1,2,0,2,0,4,0,1,0,4
Fhbu9Rr8,0,0,0,0,0,1,0,4,0,0,0,0
uZe9rmvd,1,0,2,1,2,3,1,1,2,4,1,2
5kVyUNBp,0,2,0,2,2,2,0,4,1,2,2,0
5ro7yF2C,0,1,6,1,0,1,1,0,0,2,1,4
fVM4YIU1,0,2,0,1,1,0,0,0,0,1,2,2
4jIHhWMh,0,0,0,2,0,5,0,1,0,3,4,0
fx9j6FlH,0,0,1,1,3,3,0,1,2,2,2,1
01yWTvqf,0,0,0,0,2,0,0,0,0,0,0,0
gbwEUeOP,0,0,1,1,1,1,0,0,0,2,1,1
vB2QNjdY,0,3,1,2,2,2,1,0,1,2,1,2
z9Q8YrPL,0,3,1,2,3,1,0,1,0,1,0,3
rY6AHxtb,0,0,1,0,1,1,0,1,0,0,0,2
V7VXtqaq,0,2,0,3,2,1,0,2,1,1,1,2
NOof2Ol3,0,0,0,1,2,1,0,0,0,0,0,2
np2eWbnb,0,1,0,1,1,0,0,0,0,1,1,3
oerT1ffZ,0,3,0,1,1,1,0,1,0,0,1,2
Q5AKNHVf,1,1,0,3,1,2,0,2,0,1,2,4
rx0dzjqK,1,1,1,2,0,7,0,2,2,2,0,3
VEgcGrtx,0,0,1,0,0,3,0,0,0,2,3,0
FJe6XY8K,2,2,2,1,0,4,1,2,3,4,2,2
Su2mIyQ8,0,0,0,0,0,4,0,1,0,2,0,1
8bGAoycE,0,4,2,0,1,1,0,1,3,2,2,2
KlmUCMch,0,2,2,4,1,2,0,0,2,5,1,3
9DI8GxX9,2,1,1,3,2,1,3,0,4,1,3,1
CAQBeEXc,0,1,5,1,1,4,1,4,1,1,1,4
7V3HHDSc,0,1,0,2,1,1,0,0,0,0,1,2
9YmSLLV3,0,0,0,0,1,0,0,0,0,0,2,1
YMplXhn7,0,0,0,2,0,2,0,0,0,2,1,2
749qZwan,1,1,1,0,2,1,0,1,1,1,5,1
XzUB1097,0,1,0,2,0,2,0,2,1,1,0,3
jKtUTU3u,0,0,2,3,3,1,0,1,1,3,0,1
3vgAMKGa,0,1,0,2,1,3,0,2,0,2,3,2
Te8LnJQB,1,1,0,2,1,2,0,5,2,1,1,1
iLoDARjd,3,1,1,3,2,5,3,0,3,2,2,4
HW3EBFms,0,0,1,3,1,3,0,1,3,4,1,2
ffZ6jhmb,0,6,0,2,0,1,0,0,0,0,0,4
fP55IPXX,1,1,3,1,1,2,1,1,4,3,0,2
lE9W4sPC,0,1,5,2,3,4,6,0,3,5,0,1
7v3HJtTq,0,2,1,1,1,3,0,1,0,2,3,3
JloT0xcm,0,2,2,0,2,3,0,1,0,1,2,2
g6Et8MBW,0,1,0,0,2,0,0,1,0,2,1,0
SPCN0cvi,3,1,2,0,2,5,2,2,1,3,2,5
pn9fYSFd,6,1,2,1,1,4,0,0,6,3,1,4
p3Gc9n15,0,3,1,2,0,3,0,0,3,2,5,2
hehzS2Vu,0,1,3,1,1,3,0,5,0,1,0,3
0701oHqU,0,0,0,2,2,2,0,3,0,1,2,2
R8V8oAI6,0,3,0,0,1,1,0,1,0,1,1,1
mW526Sne,0,0,1,6,0,5,2,1,1,0,2,2
TYCPlxup,1,0,7,1,5,1,2,1,7,1,0,3
YG15JN8B,0,2,0,0,1,0,0,0,0,0,1,1
sQ34080N,0,0,1,0,2,3,0,0,0,2,2,2
yfuwpYMs,0,1,0,1,1,1,0,0,0,2,2,1
BJsyptEh,0,0,1,2,1,2,0,1,0,1,3,0
GhibCjuo,0,1,0,3,1,2,0,0,0,2,1,3
azQV3qDX,0,2,1,0,2,1,0,0,0,2,1,2
OKP21TIz,1,0,1,2,0,2,0,0,1,2,1,2
88a6gIEq,0,2,3,0,2,4,1,1,2,3,1,3
Ev5PFToA,0,2,0,0,1,0,0,0,0,0,1,1
ajJq7PhK,2,3,0,3,3,0,0,1,9,2,3,0
eJ8TOAmX,0,4,1,2,1,2,0,0,1,1,2,3
QzRoZYlD,5,1,1,2,0,4,1,3,3,2,3,4
pJ7qPOTg,0,2,1,1,1,2,0,0,2,2,4,2
5tQMEe8D,0,1,2,0,2,1,0,0,0,2,1,2
k7pO2CbG,0,1,2,1,1,2,0,3,1,1,2,3
7BPyssZZ,0,0,1,1,2,2,0,0,1,2,2,2
fEvFYnfC,0,2,2,2,0,1,0,4,0,1,1,1
ft1xXdq7,0,1,1,2,1,3,0,4,1,1,0,6
ocCeO7n7,1,1,2,1,2,5,0,3,4,2,2,1
O0WEefGE,0,0,0,2,2,0,0,1,0,1,0,3
h3t8v5pj,1,2,4,1,2,3,0,0,7,2,0,3
dELhwTwZ,0,1,2,1,1,2,0,2,1,1,1,3
hOftRlNk,0,2,1,1,2,2,0,1,1,1,0,3
vx4pHKgh,2,1,3,2,2,3,3,0,2,3,1,3
Mkbt7x84,0,1,0,1,0,2,0,0,0,0,3,1
5br5XxER,0,0,0,0,1,0,0,1,0,0,2,0
kDokqgcj,0,2,0,3,1,3,2,0,0,2,1,1
1FHJVqiy,0,0,1,6,0,4,1,1,3,5,1,2
9JkH2kCy,0,0,0,1,2,2,0,2,1,4,0,3
xzdLKwRt,0,0,3,2,1,3,0,1,3,3,3,3
LbEuePkZ,0,1,2,0,1,4,1,0,1,3,1,4
bmagoKKz,0,2,1,2,0,1,0,3,2,0,2,1
YftliHju,1,3,4,3,1,2,1,0,3,3,0,3
UrlmpwXK,1,1,4,1,2,2,0,2,7,1,2,2
tt1qJ1uX,0,1,1,4,3,2,0,1,1,1,1,2
sg1skE0d,0,2,0,0,1,0,0,0,0,1,2,1
nipRFMnT,0,1,0,2,2,2,0,1,0,1,0,2
UWB26RbS,0,2,2,0,1,3,2,0,0,2,0,2
gpM6yn9P,0,0,0,0,0,0,0,0,0,0,0,0
mJkPEbNq,0,0,0,1,1,1,0,1,0,1,0,2
fzhhhEb9,0,0,0,2,0,5,0,3,2,1,1,2
vnSRebqu,0,2,0,0,3,0,0,0,1,1,0,0
qdGRV0WH,2,2,0,0,2,3,1,0,1,2,2,1
nnExuxeD,0,1,3,2,0,4,0,1,6,1,3,3
d89OzvNv,0,0,3,2,2,1,0,0,2,3,2,3
Rrx377Ot,0,4,2,3,3,0,0,1,0,2,1,3
51Q3T7Y9,0,1,4,3,0,4,1,1,4,1,1,4
icOecqgf,1,3,1,2,1,2,0,0,6,3,2,2
iF80Wpp8,0,1,5,2,3,4,0,1,4,3,1,4
MWNSdc2X,0,3,0,1,2,1,0,1,1,2,1,1
POFuWGna,0,1,0,2,0,1,0,0,0,0,1,3
iRMdD1Ty,0,0,4,0,1,4,0,1,3,2,4,2
jMnLhopm,0,1,1,5,1,4,0,0,1,6,1,1
WdmclQiG,0,0,3,2,2,3,0,2,2,4,0,3
n3xMrfFg,0,1,0,0,1,0,0,0,0,0,1,0
4PSGu5nn,0,4,2,1,1,3,1,2,2,2,1,4
gM5swkCc,2,1,0,1,2,2,1,0,2,7,3,1
Oj7ZjSEU,1,0,0,1,1,3,0,6,1,2,0,2
bPwk3QuJ,0,1,1,3,5,3,2,0,6,0,1,5
k5EMWnw1,0,0,0,1,0,2,0,0,0,1,1,0
i33b02SM,1,1,0,0,0,3,0,1,0,1,4,1
IFzm0NSC,0,1,0,0,0,2,0,0,0,3,0,1
nHXvkrKa,1,1,2,1,0,3,0,2,1,1,1,5
myxOTVnp,0,3,3,2,2,2,0,4,1,0,0,2
jn9iRWTm,0,4,1,4,0,1,0,1,0,1,1,3
3d01XHpu,1,1,2,1,3,3,3,0,3,3,2,3
8lxk9iXh,0,0,2,3,1,1,0,0,2,1,0,2
Qg9yxQVh,0,0,2,4,2,1,0,1,1,2,1,2
IrHuoETQ,1,1,2,2,1,2,0,1,4,2,3,3
Z22wH4Vq,0,1,0,1,3,2,0,2,1,4,0,3
qW5LY5O4,0,0,1,0,2,6,0,2,3,3,1,1
GfCi4gpQ,0,0,0,1,1,1,0,1,0,1,0,3
Goeoi3TN,0,0,2,2,0,2,0,3,1,1,0,1
lerIBtm2,0,2,0,2,2,3,0,3,2,1,2,2
7rrP8BmJ,0,3,2,3,0,7,1,1,2,5,1,1
Sr7DauPy,0,2,4,2,2,3,1,2,0,2,0,3
eLHSoP12,0,5,2,1,2,2,0,2,3,3,2,1
7RrStWJD,0,3,3,4,0,5,2,1,1,2,1,6
7W3QjYyS,0,0,1,1,0,3,0,4,0,0,1,1
s48XwmHY,1,5,1,1,1,1,1,4,1,2,3,2
8sxxxfWr,0,5,2,3,1,3,1,1,0,3,1,2
8YpDa5Yx,0,0,1,3,1,4,0,3,0,1,2,2
sVhwpVfk,2,0,1,1,1,2,0,2,0,1,2,3
hvsXVwpt,0,1,2,3,1,3,4,1,0,0,0,1
LiQZSWyw,0,2,1,1,1,0,0,0,1,0,2,2
M1VyMLHO,0,3,0,1,0,2,0,1,0,0,1,2
637TQktl,2,5,1,1,1,4,0,1,4,1,1,4
QYTjBz1a,0,6,1,1,3,3,1,1,2,1,6,2
AAKtlPKn,1,1,0,2,4,6,0,4,1,1,1,4
AuxAMee0,0,1,4,2,1,4,2,1,1,1,1,2
5DWdSp0j,0,3,2,0,0,3,0,0,0,4,3,2
TN9g4p88,3,0,0,2,2,5,1,2,4,5,2,1
kLkOfah2,0,3,0,1,1,3,0,0,4,3,1,2
ytfnKwGv,0,4,2,2,0,5,0,1,3,2,1,3
yceK6rGf,0,1,1,1,3,1,0,3,0,2,1,0
S0UB5KKa,0,0,0,3,3,1,0,4,1,2,0,2
JAmohngQ,2,1,1,1,1,2,0,0,1,1,1,4
Sh0Hmwob,0,1,5,1,2,6,0,3,4,2,0,4
G1v94jdP,0,2,3,2,3,4,1,0,2,1,1,5
QDksER2G,0,3,0,1,1,4,0,2,1,1,3,2
90w6Y4IG,0,1,1,0,0,5,0,1,1,2,1,3
6dVNNauJ,0,0,0,1,0,0,0,0,0,0,0,0
pmKroZ9h,1,3,1,0,0,1,0,0,0,3,2,0
DsHCfSZl,2,1,3,2,3,4,1,2,3,5,1,1
imIqSIBc,0,0,0,0,1,0,0,0,0,0,1,1
00zE4IM5,1,0,5,3,2,2,1,5,3,2,0,3
X8PikBop,0,2,3,2,1,1,0,0,1,1,1,7
BrwccZEg,0,1,0,1,2,4,0,3,1,1,2,1
T9PojaCF,0,3,0,3,1,1,0,1,1,3,1,2
ERGBY68j,2,1,5,3,2,1,2,1,3,1,3,4
Y7w8qjKo,0,0,0,0,0,0,0,1,0,1,0,0
iB0u65bp,0,1,0,1,1,3,0,2,0,1,1,3
p9P4BSWW,0,1,0,1,4,2,0,2,1,0,4,2
A6376yfU,0,1,0,0,0,1,0,2,0,0,0,1
oCFQXH1g,0,0,0,3,1,3,0,1,1,1,1,3
CJjG2sv0,1,1,1,4,1,2,0,3,3,0,1,1
NjeSZQzf,0,1,6,4,0,1,1,1,4,1,2,1
sQBtxIyd,0,0,0,1,2,3,0,1,0,1,2,2
PEosMjZR,0,4,1,4,0,2,1,3,0,2,0,3
kjnA4R3K,0,4,2,0,0,3,1,4,2,1,1,3
2XvpyEfv,1,8,2,0,1,2,0,0,1,2,4,3
8tOcsUu6,0,0,0,0,0,2,0,1,0,0,0,3
D2o3BYjN,0,0,0,1,0,4,0,1,0,1,2,1
RIHdLb9O,0,0,0,0,0,5,0,1,1,3,0,2
czvyT3Lh,0,4,1,1,2,4,1,0,1,1,3,2
joWZkHeL,0,1,1,0,3,2,0,1,3,0,3,3
5niGZeZS,0,1,0,2,2,4,1,1,1,1,3,2
qkL8GWBt,0,1,0,1,0,2,0,2,0,1,2,1
FQ4aLUBb,0,1,2,2,1,4,0,1,2,2,2,3
yN3LFsBc,1,1,0,1,0,5,1,1,1,3,2,2
OQKWbdAe,1,1,1,2,4,3,0,0,2,1,0,7
A8HlIkQQ,0,1,1,3,2,2,0,2,5,3,1,2
wEqwHKkm,0,0,2,3,5,2,1,3,0,1,1,2
v1H3aXXR,0,3,0,2,1,3,0,3,1,2,0,5
YpWxleOG,2,4,2,1,2,4,0,2,5,0,1,2
gwJ3kRGF,0,1,0,0,0,2,0,2,0,2,1,0
3SF2yG7d,0,1,0,0,0,0,0,0,0,0,2,1
FG4vziKh,0,1,1,0,1,5,0,2,2,2,2,1
AWSngARy,0,2,2,1,0,2,0,2,1,1,3,2
RM9JLaND,1,5,1,4,1,2,1,0,4,0,2,3
fsORnLbz,1,2,4,3,2,3,2,1,2,1,2,3
KnXvBp9T,0,1,3,3,2,6,1,1,2,4,1,3
PGRUfqtO,0,2,0,0,0,3,0,2,2,2,2,0
3reCnnS1,0,1,0,0,0,0,0,2,0,0,0,1
lXXeweMY,0,0,0,1,3,3,0,0,0,1,1,3
uopd664s,0,0,0,0,2,1,0,1,0,0,3,2
afRqHqRT,0,2,4,2,2,1,0,3,0,2,1,2
ke8PPMDf,1,1,1,0,1,2,0,2,3,1,0,5
E6UWHMMU,0,1,1,2,0,3,0,1,1,2,4,3
z1eaNjHs,1,1,3,0,3,4,3,0,2,1,2,4
RwUzCHgW,1,3,1,2,2,1,0,1,2,3,2,1
VUDmFn8F,0,2,1,1,2,2,0,1,2,2,0,1
SnGXebdZ,3,1,3,0,3,2,0,1,2,1,2,4
m2Bd0zuJ,1,2,5,3,2,1,1,1,1,4,2,1
kF9OCqPW,0,1,0,1,2,1,0,5,0,2,1,1
5jipIpXN,0,0,0,1,1,0,0,1,0,0,1,0
L8212Ahs,0,0,0,0,0,0,0,0,0,0,0,0
Ho0ZkGdI,0,0,0,1,0,3,0,1,0,1,2,0
72vUDDFF,0,0,0,0,1,3,0,4,0,0,1,1
qlkIRsue,0,3,2,2,2,5,3,1,0,3,2,0
jXO6JDmb,0,1,1,3,3,2,1,2,1,0,0,3
yyv8uoib,0,4,2,2,1,2,1,0,2,0,0,5
US9DVfmd,1,0,0,2,0,2,0,0,0,2,0,1
raw5vbse,1,0,1,2,2,2,0,0,2,3,1,4
3K26UUfj,0,1,1,3,2,5,0,1,1,2,3,1
6ulk3fAO,0,0,5,2,5,3,0,0,3,3,1,3
qauG4XLV,0,4,1,2,1,6,1,1,1,1,1,3
MKdX13HT,1,1,1,3,3,2,0,2,2,0,1,2
QAeewImU,1,3,1,3,0,4,0,1,2,1,1,0
8kv2UsMW,1,3,1,2,0,2,0,1,1,2,0,3
VNRQtMV9,0,1,0,2,0,3,0,1,0,1,2,1
ZAn9woKi,0,1,1,1,0,1,0,3,1,1,1,1
M9t1x0y3,0,3,1,2,2,3,2,0,1,1,1,3
kmEtjT4C,0,3,0,1,3,4,0,1,1,2,0,0
uq3kZGZs,0,1,0,0,0,2,0,1,0,1,0,3
cIzJKRoH,0,0,2,1,0,3,0,4,0,1,1,0
ze9vvQEc,1,0,3,3,2,3,2,3,4,2,1,2
0nxiO2ti,0,0,5,3,0,7,2,1,2,1,2,2
fKq0jWsz,0,1,4,1,1,3,0,2,3,1,2,4
Xcx9S6WY,0,1,1,2,0,5,0,4,0,1,2,2
U86IdMKG,0,0,1,1,1,6,0,2,1,1,2,2
7EsC6Flz,0,1,0,0,1,5,0,0,1,3,3,0
CiZAi765,0,0,0,0,0,2,0,1,0,1,1,0
OTDceVj9,0,1,2,3,4,1,0,1,2,0,1,3
hOVvF8cT,1,1,5,2,1,4,0,0,1,4,0,2
unRnsKvW,1,1,2,4,2,3,0,1,3,1,0,1
savkVzo5,1,1,0,3,0,4,0,4,1,4,3,0
0TA0db8N,0,0,0,0,1,1,0,1,0,0,1,1
7W7nYeqb,0,0,0,1,1,0,0,2,0,0,0,1
eWIpkPSb,0,0,0,0,0,2,0,0,0,1,2,0
IvG10d53,0,1,0,0,3,3,0,1,4,0,3,2
vRP1zRJe,0,0,5,3,0,3,1,2,4,2,1,2
jgWRbc3L,1,0,6,2,1,5,2,1,3,2,3,3
PM0Wwt1u,0,1,4,3,0,7,2,5,4,1,0,2
XyM5Kqzx,0,3,1,2,1,3,2,1,0,2,1,0
tvneCXGJ,0,1,6,2,1,3,1,1,3,2,4,2
2h7iNqJG,0,3,1,2,3,5,1,3,1,2,0,1
IxLZqKPo,0,1,5,2,1,4,1,1,2,1,6,1
n1aUQiea,0,5,0,0,1,1,0,1,0,0,2,1
IY6vQQ90,0,3,2,5,0,4,2,2,2,1,2,2
Esv3iXqI,0,2,5,2,1,4,2,2,4,1,3,0
rJUGKzYx,0,1,1,1,1,2,0,2,0,3,0,3
WRhVWUQD,0,2,0,1,3,3,0,0,0,0,1,2
SfDzNJYU,0,2,0,0,0,0,0,2,0,1,2,3
Yc9yAfws,0,0,1,1,4,4,0,1,1,2,1,3
TZxhi4Nq,0,0,0,1,0,1,0,2,0,2,2,1
jhYnRVxD,0,2,0,4,1,3,0,1,0,0,0,2
