game_id,queen_w,rooks_w,bishops_w,knights_w,pawns_w,queen_b,rooks_b,bishops_b,knights_b,pawns_b
iDKUxwrW,0,0,0,0,0,1,0,0,1,0
JfozNSMT,0,1,0,1,0,0,4,0,0,1
rf6zZLiF,1,0,0,1,0,0,1,0,2,0
Yd6M4WKB,4,0,0,0,0,9,0,1,1,0
inm9tEy4,1,1,0,1,0,0,1,3,0,0
gQlIzSsH,8,0,2,0,0,0,0,0,1,0
MzldOR9b,0,0,1,0,0,1,4,0,0,1
cr8pcFkZ,0,0,2,2,0,0,1,0,0,0
jcthtL0c,0,0,0,0,0,1,0,0,0,0
ljNA1bXi,0,0,0,0,0,0,0,1,0,0
YOuvkVPL,0,1,0,0,0,0,0,0,0,0
8jcNTnC2,0,1,1,2,1,1,0,1,0,1
pLNkUfWx,0,0,0,0,0,0,0,0,0,0
ft6fWFaq,7,1,0,1,0,0,1,1,0,0
swaLrojK,3,2,0,0,1,0,0,0,0,0
07KigwO6,0,2,0,0,0,0,0,0,0,0
UTbyYhFe,0,0,0,0,0,0,0,0,0,0
AONYs99u,0,0,0,0,0,1,3,0,0,0
6X7AeXfX,0,0,0,0,0,1,0,1,4,0
cFbKQ3KF,0,0,0,0,0,0,0,0,0,0
qzpotiCJ,0,1,0,4,0,0,0,1,0,0
MTEk5kxu,2,1,0,0,0,1,0,1,0,0
NdW2pmvz,4,6,0,1,1,1,1,0,3,2
tbU9KPoe,0,0,0,1,0,1,0,0,0,0
7Zgc9X4F,2,2,0,0,0,1,0,0,0,0
wolSbAOW,3,0,2,0,0,0,1,1,1,0
4MeD82og,0,0,0,0,0,0,0,0,0,0
83I9rcMJ,0,0,0,0,0,4,0,0,0,0
mQPI1n9U,9,0,1,3,1,0,0,0,0,0
nv1kW7M3,1,1,0,4,0,0,1,0,1,0
zSN4ZR07,0,1,3,1,0,1,0,0,0,0
GSQFzhpe,0,2,0,0,0,0,0,0,0,0
wFn28P8I,0,0,0,0,0,0,0,0,1,0
Gv218hiI,1,1,0,0,0,0,0,2,0,0
OXWN8lme,1,0,0,0,0,0,0,0,0,0
QprFL1bc,0,0,0,0,0,0,0,0,1,0
mUkI1svm,0,0,0,0,0,0,0,0,0,0
guPSyHiI,0,0,0,0,0,1,1,1,0,0
ySSvPiA0,0,0,0,0,0,1,1,0,0,1
GNV2ZlJb,0,1,1,0,0,2,0,0,0,0
ofvc1Znk,1,1,0,0,0,0,5,0,0,1
joBMmgrg,1,0,0,0,0,1,0,0,0,0
qstNDZIs,3,1,0,1,0,0,0,0,0,0
TqvkmrXG,0,0,0,0,0,0,0,0,0,0
kTbgby2O,0,0,1,0,0,0,0,0,0,0
dQnV6dIl,0,0,0,1,0,0,0,0,0,0
6klzh7zd,7,0,0,1,1,0,1,1,1,0
WmCmtPr6,2,1,0,0,0,2,1,0,0,0
JYgsUcFQ,0,0,1,0,0,3,1,0,0,0
IId2CqcP,1,2,2,0,0,1,0,0,0,0
NRE7KUkQ,0,0,0,0,0,0,0,0,0,0
I61dPElT,11,6,0,1,0,0,0,0,0,0
POTsgEAD,2,1,0,1,0,0,0,0,0,1
k3kL4Rvm,2,2,0,2,0,0,0,0,1,0
H8PYLiYl,0,0,0,0,0,1,0,0,1,0
h2YxEIYZ,0,0,0,0,0,3,3,1,0,1
ztyWMZtT,5,0,0,0,0,0,4,1,0,0
TpMbtYB5,0,0,0,0,0,7,2,3,1,0
ZEjWuNhc,2,0,1,0,0,1,0,0,0,0
4MbTfINa,0,3,0,0,0,0,2,1,0,1
S3YM7s3b,0,0,1,0,0,0,0,0,0,0
mFCWZrsc,0,7,0,2,0,2,12,0,0,0
FieAYtKo,0,0,1,0,0,0,0,0,0,0
yyJKe1H0,1,3,2,2,0,0,0,0,0,0
IICIBwCZ,0,4,0,1,0,0,4,3,0,0
nljgh2m7,1,6,4,0,2,3,1,0,0,0
c7gr3FBz,2,1,0,0,0,1,0,0,0,1
jzog8hPR,3,1,0,0,0,0,0,0,0,0
1lsCVv7d,0,0,1,1,0,0,2,0,0,0
6oCxh04n,0,0,0,2,0,0,0,1,4,0
ZOpEAa3A,0,0,0,0,0,1,0,2,0,0
QBy4sbcp,3,0,1,1,0,0,0,0,0,0
xgF0duiY,0,0,3,0,1,1,3,0,1,2
evNFi0jQ,0,0,0,0,0,1,0,0,0,0
6xz0zZ3D,0,3,0,1,0,3,2,1,1,1
FuamjVQC,0,0,0,0,0,0,0,0,0,0
cW0Fd1hp,0,0,0,1,0,0,0,0,0,0
CTz097F8,0,0,0,0,0,1,0,0,0,0
5P9Obs42,0,0,0,0,0,0,0,0,0,0
UPZHncG5,0,0,0,0,0,0,0,0,0,0
eKlKWfBB,1,4,1,0,0,4,3,1,0,2
Kqdfkr2F,1,1,0,0,0,1,1,0,0,0
oqPxFPo6,0,0,1,1,0,1,0,0,0,0
fotQstg0,2,1,1,0,0,0,0,0,0,0
sM1jIlHZ,4,0,1,2,0,4,0,0,0,0
4eeZGruU,2,1,1,0,0,2,0,0,0,0
9XCNPa18,0,0,2,0,0,0,0,0,0,0
xdCkvUt4,0,0,0,0,0,2,1,3,0,0
lDBODtYV,2,0,3,0,0,1,1,0,0,0
OL4SCGC3,0,1,0,0,0,1,0,0,0,0
ANmFP8IS,0,0,0,0,0,0,0,0,0,0
SsADSxQq,0,3,1,1,0,0,1,0,0,0
RtcYp8uI,0,0,0,0,0,1,0,0,1,0
8dXSDFLJ,1,0,2,0,0,0,2,0,0,0
WqqhchGq,1,1,0,2,0,0,1,1,0,0
vZx5OR4i,0,3,0,1,0,0,11,1,1,0
XQu7lETs,5,2,6,0,1,1,0,1,0,0
eYw3B10r,4,1,1,0,0,1,2,0,1,1
lMpXLtD6,0,3,1,0,0,2,0,0,0,0
wAdcKied,0,1,0,0,1,0,1,1,0,0
rSYmPSci,10,3,1,2,0,0,0,0,0,0
W5EtbHUz,2,0,1,1,0,0,0,0,0,0
0eeuk7yw,0,0,0,0,0,1,1,2,0,0
7XghDm51,0,1,0,0,0,0,1,0,0,0
IhwzRsta,0,0,1,0,0,2,1,2,0,0
w65ELLp5,2,1,1,1,0,1,0,0,0,0
MVIk8uWZ,0,1,0,1,0,1,0,0,0,0
3JlkEKoU,0,0,2,0,0,3,0,0,1,0
PQI1hMSs,0,0,1,0,1,2,5,0,1,0
GbXP2AAo,2,1,0,0,0,0,0,1,0,0
fAzuR3bC,0,4,0,1,0,9,6,0,1,0
HT4pDyLy,0,1,1,2,3,0,0,0,0,0
1wcRbbYS,0,0,1,1,0,2,0,1,5,0
xHq9m28w,0,1,0,0,0,0,1,0,1,0
Mk09maAp,2,0,0,0,0,0,0,0,0,0
tQWzf4Vl,15,0,0,1,0,1,1,0,1,0
rU9LSjEV,1,0,3,0,0,1,0,1,0,0
yLTEs3PR,0,0,0,0,0,1,1,2,0,0
wM43xNTp,0,0,0,0,1,0,0,0,0,0
1wtOeiSt,1,0,0,0,0,1,0,0,0,0
eMuN4jPj,0,2,1,2,1,2,0,0,1,0
lxTIzMYc,0,0,1,0,0,0,0,0,0,0
D2XdeRLb,0,0,0,0,0,0,0,1,0,0
8O5th1Jj,1,0,0,1,0,0,0,0,0,0
H9t5R70E,0,0,0,0,0,1,0,0,0,0
JZtwlDBJ,1,0,2,0,0,0,0,1,0,0
mOW0d50m,0,8,0,1,2,1,3,2,3,0
1B27xzQK,1,0,0,1,0,1,0,0,0,0
NBkUo7yz,0,0,1,1,0,0,1,0,0,0
15mSxIVp,0,0,0,0,0,1,0,1,0,0
lJCScHov,0,0,0,1,0,2,3,0,1,0
DFb8xrPU,1,0,1,0,0,2,0,0,0,0
v58vG2nS,1,1,0,0,0,0,1,1,0,0
SofmedXo,1,2,0,0,0,0,1,0,0,0
nBALUHIE,0,0,0,0,0,1,0,2,0,0
td5ZDYec,1,2,1,0,0,0,0,0,0,0
xFllA0Ga,6,0,0,1,0,6,0,0,0,0
xLcsxZi5,1,0,0,0,0,1,0,0,0,0
dZATYWep,2,0,4,1,0,2,0,0,0,0
xss0cZdm,0,0,0,0,0,0,0,1,0,0
GscPFlWd,1,0,0,0,1,0,0,1,0,0
yzBbrcHx,0,0,0,0,0,0,0,0,0,0
E9Y8suaM,1,1,0,1,0,0,2,0,7,0
S9XtIatQ,1,0,0,0,0,1,0,0,0,0
oU42kJtZ,0,0,0,0,0,3,0,0,0,0
7K5GjXog,0,0,0,0,0,1,0,0,1,0
3XdbrhFF,1,1,0,1,0,7,3,1,1,0
4fmj8VnA,3,2,1,0,0,0,0,0,0,0
wD91lbJt,0,0,1,0,0,0,0,0,0,0
uep35VyG,2,1,0,0,0,0,3,2,0,0
DSwHPute,0,1,0,0,0,4,1,0,0,0
XWUhMgbz,1,0,0,0,0,0,0,0,1,0
VKWyuFBa,4,0,1,1,0,4,0,0,1,0
KH5J05Qt,0,0,0,1,0,2,0,0,0,0
Ut6wVGoK,0,0,0,0,0,0,0,0,0,0
KMH1a9EQ,0,0,0,1,0,1,0,0,0,0
7cqUNzKU,0,3,1,0,0,0,0,0,0,1
B8eJ2NP2,0,1,0,2,0,1,1,0,0,0
H9O08vFD,0,0,2,0,0,0,0,0,0,0
ugNLSu61,1,0,0,0,0,0,1,0,0,0
ceSBkG8w,5,1,0,0,0,6,0,0,0,0
SfqlFNTv,10,2,1,0,0,1,0,0,0,0
em3wA2RI,0,2,0,1,0,0,0,0,0,0
83SVGDlT,0,4,1,1,0,4,4,1,3,0
fYcPNzXD,0,0,1,0,1,2,1,0,1,0
2tlSMiTG,1,1,1,0,0,0,0,0,0,0
4XsMwDA0,0,2,1,0,0,2,5,1,1,1
vmax0juz,1,0,0,2,0,0,2,0,0,1
RV9PRRwT,1,0,1,0,0,1,0,0,0,0
gx2Qh5nj,0,0,0,0,0,1,1,0,0,0
uVyCmxVA,6,0,0,0,0,2,10,2,0,0
9Rmp9ahE,0,7,0,0,0,0,5,3,0,0
EifhjgmP,0,0,1,0,0,1,2,0,0,0
cyYLPhZD,0,0,1,0,0,0,2,3,1,2
xrzhLXur,1,5,0,0,0,1,1,0,0,0
601ZlCMQ,0,0,0,0,0,2,1,0,1,1
UX1acPU2,1,0,1,1,0,1,0,0,0,0
LfafOyZf,0,1,2,0,0,2,3,0,1,1
P87bJC0S,4,2,0,0,1,0,0,0,0,0
WNqnKoXD,0,0,0,0,0,0,0,0,0,0
7ooml5ic,1,1,1,0,0,0,1,0,0,0
rM2tPVK5,0,0,0,0,0,0,0,0,0,0
d8dpth1s,2,0,1,0,0,1,1,0,1,0
3bppic65,0,0,0,0,1,1,1,0,3,0
XKvipOkz,2,0,2,0,0,1,0,0,1,0
eNYgaj4h,5,1,0,0,0,5,2,0,0,0
42QEuziR,1,3,1,0,1,2,1,2,0,0
yRct5V59,1,0,0,0,0,2,1,0,1,0
jsgAtV6K,1,0,0,1,0,0,0,0,0,0
Trml93zI,8,1,0,0,0,3,1,0,0,0
0DkahDmp,2,3,0,0,0,0,1,1,0,0
ZHckBvho,0,0,1,0,0,1,1,0,1,0
sbbaDzrM,0,0,0,1,0,0,0,0,0,0
WOMZdiVk,0,0,0,0,0,0,0,0,0,0
ZOUltXdR,0,0,0,0,0,0,0,0,0,0
AlK8UP43,0,0,0,0,0,0,0,0,0,0
Uk5YbrTM,1,0,0,1,0,0,0,0,0,0
UrRBZLsz,2,1,0,0,0,2,1,0,1,0
yLN1sDvM,7,1,0,2,0,0,0,0,1,0
CXwNkIua,0,0,0,0,0,0,1,0,0,0
QwRdU6yj,0,0,0,0,0,0,0,0,0,0
Z0OeqVgB,0,0,0,0,0,0,0,0,0,0
e9rIjaPM,0,2,0,3,0,0,1,0,1,0
C2oYDtox,1,0,1,0,0,1,0,2,0,0
LlHkzOPH,0,0,0,0,0,3,0,0,0,0
dk5MeRIj,0,7,0,2,0,1,1,0,0,0
P3liwuZd,0,0,0,0,0,0,0,0,1,0
tUx60Ul4,1,4,0,1,0,1,1,3,0,1
Xajmz0NO,0,0,0,0,0,0,0,1,1,0
UW5FSPXg,0,1,0,1,0,0,6,0,1,0
njakDx3C,1,0,2,2,0,0,0,0,3,1
j1Ru1Y8a,0,10,0,0,0,0,7,2,0,0
xa7c5B9B,0,0,0,0,0,1,0,0,0,0
mIDh4pvX,0,0,1,0,0,3,1,1,0,0
aDmZmDZn,2,1,0,0,0,1,0,0,0,0
aYWPnHmV,1,1,1,0,0,1,0,1,0,0
0zaaFn4J,1,0,0,0,0,0,0,0,0,0
6HSlsRqS,1,1,0,0,0,4,0,0,0,1
Hf7XJEI5,0,0,1,0,0,0,0,0,0,0
4YDvmUIn,1,0,0,1,0,1,0,0,0,0
JIsXn8O2,0,0,0,0,0,3,1,0,1,0
CxLbH8IL,2,4,2,0,1,0,2,0,0,0
50uFex90,0,0,0,0,0,0,0,0,1,0
U0blxaCD,0,0,0,1,0,0,0,0,0,0
J5sQegNN,0,0,0,0,0,0,0,0,0,0
qFbb4bHD,1,0,0,1,0,0,1,0,0,0
fMOs2Xyq,0,1,0,1,0,3,1,0,1,0
ynwsyiOs,0,0,0,0,0,1,0,1,0,0
iFQaD3ne,0,0,0,0,0,0,0,0,0,0
vxwmue90,0,0,0,0,0,1,0,0,0,0
qcFlK12a,2,0,0,1,0,1,0,0,0,0
c3S6pwho,0,0,0,0,0,0,0,0,0,0
W7Q3lz1u,1,0,0,0,0,2,2,3,0,0
KMKGdd3q,3,0,0,1,0,1,0,0,0,0
s3dWApFL,0,12,2,0,1,0,10,0,0,0
YCKpBlSV,0,1,0,1,0,2,2,3,1,2
9UODhHQx,0,1,1,0,0,0,1,1,0,0
567M52nH,6,0,1,0,0,0,3,1,0,1
PUWAV5eF,0,0,1,0,0,0,0,0,0,0
quNB8MBd,0,0,0,0,0,0,0,0,0,0
4Jb5P27K,5,3,0,1,0,0,0,0,0,0
1fDEKovc,1,1,0,0,3,0,1,0,0,0
CfCEjCd9,0,1,4,15,0,1,0,2,0,0
35ARvehK,0,0,0,0,0,0,0,0,0,0
0I8isePh,0,5,0,8,0,0,0,0,0,0
lYDkSewq,0,0,0,0,0,0,0,1,0,0
cd6MkxXy,1,1,0,1,0,2,1,0,0,0
Uv9aX6gf,0,6,0,0,1,1,2,0,0,1
8eAhtFrO,1,0,0,0,0,1,0,0,0,0
2pbch9VD,2,1,0,0,0,0,0,0,0,0
PuQmQk5z,0,0,0,0,0,0,0,0,0,0
UHWDhORf,3,1,3,0,1,0,0,0,0,0
blELz5do,0,0,0,0,0,0,1,0,1,0
H9xvcQyi,0,0,0,0,0,0,0,0,0,0
1X4CsHyE,2,0,0,0,0,0,0,0,0,0
aOiGiuVQ,3,0,0,1,0,0,0,0,0,0
P3yUBGNg,0,1,5,1,1,1,6,3,2,1
lKLmZbN4,2,0,0,0,0,0,1,1,0,0
oZevainv,1,0,0,0,0,1,0,0,0,0
xEgEd0Jp,0,1,0,0,0,0,2,0,1,0
CNvgxBva,1,2,0,1,0,0,0,0,0,0
y5e13wHW,2,1,0,0,0,4,0,1,0,0
HinqIc0K,0,0,0,0,0,0,0,0,0,0
OVMQCCsA,0,1,0,0,0,4,3,0,6,2
3fJ82mwA,2,1,0,0,0,0,0,0,0,0
3XXavVCU,0,0,0,0,0,0,0,0,0,0
j0C88DNn,0,0,0,0,0,1,1,0,0,0
qWP1Vd6I,0,0,0,0,0,0,1,0,0,0
eEcvJqeE,2,0,0,1,0,0,0,0,0,0
xHMErIWe,1,0,0,0,0,0,1,0,0,0
30XD07iM,0,1,1,1,1,1,0,0,0,0
mwWeUgpO,4,0,1,0,0,3,0,0,0,0
ly3XaJvz,0,0,0,1,0,2,2,0,1,0
HLgZJCGm,0,0,0,0,0,0,4,0,0,1
eWcBQKoE,0,0,0,1,0,0,0,0,0,0
OxZicdxm,0,0,0,0,0,1,4,2,6,1
fS2JlAaP,5,2,0,0,0,0,5,0,0,0
Rle83P53,0,0,2,0,0,0,0,1,0,0
ZnQ3wPYl,0,0,0,0,0,4,0,0,0,0
RC6Aor3j,0,0,0,0,0,0,0,0,0,0
7l4SdZL0,0,0,0,0,0,0,0,0,0,0
G4C5a4NJ,0,0,0,0,0,0,0,0,0,0
Vu7rtlEJ,1,0,1,0,0,0,0,0,0,0
QXLc1x3L,3,0,1,0,0,2,0,2,0,0
NmjiVauK,2,0,1,1,0,0,0,0,0,0
lOOrgN6o,0,0,0,0,0,1,0,0,0,0
NFEc9Lrc,0,0,1,0,0,0,0,0,0,0
7qWThzU8,0,3,3,6,0,0,0,1,0,0
x1aeAXuh,1,0,0,0,0,0,0,0,0,0
q0hHJkle,0,0,0,1,0,2,0,0,1,0
276O9aM5,0,0,0,0,0,0,0,1,0,0
ZGhKWxG2,1,0,0,0,0,1,3,0,0,2
BXhLHwB9,0,0,0,0,0,1,0,0,0,0
tTXUo1TQ,2,0,2,4,0,0,0,0,0,0
i3MOwltI,2,0,0,0,0,1,0,0,1,0
rElobFl9,0,2,1,0,0,0,2,1,0,1
XkF0jwDh,0,0,0,0,0,2,0,0,0,0
6zNIvBDY,1,0,0,0,0,0,0,0,0,0
n9ofsw93,0,0,0,0,0,1,0,1,0,0
3dCb1Kig,0,0,0,0,0,0,0,0,0,0
h1LT5nkq,0,0,0,0,0,1,0,0,0,0
NOEBXxG6,0,0,0,0,0,0,0,0,0,0
QtPZsZ6A,1,0,0,0,0,1,0,0,0,0
j7RwjO3t,0,0,0,0,0,0,0,0,0,0
PoktrRrc,1,5,0,1,0,0,7,0,1,0
LnUpRGmJ,1,0,1,1,0,0,2,0,0,0
m5cfaWE5,0,0,1,0,0,2,0,0,0,0
V3DSMpWu,0,0,0,0,0,0,0,1,0,0
9xiokMuZ,2,0,1,0,0,1,0,0,0,0
SNBI2VHN,5,1,2,1,0,0,0,0,0,0
XIQf9SIh,0,1,1,0,0,0,1,0,1,0
OuIS4FNN,1,0,0,1,0,2,0,0,0,0
z9giThmb,1,0,0,0,0,0,0,0,0,0
D7IdxSxU,1,0,0,1,0,0,1,0,0,0
9GBMozBP,1,0,0,0,0,0,0,0,0,0
2QzCtrcW,0,1,0,0,0,1,0,0,0,0
sEcXEJ9L,0,0,0,0,0,1,0,2,1,0
S6KtfohL,0,9,1,1,1,1,2,0,0,1
gTLpXavu,0,0,0,0,0,4,0,1,2,0
JQNn9XKt,7,1,2,1,0,2,7,0,0,0
BeJqtwus,0,1,0,0,0,1,0,1,0,0
ywL2NCNe,0,0,0,0,0,1,0,0,0,0
zyxR3BC7,1,1,0,0,0,2,0,0,1,0
Wl8wU0aX,0,0,0,0,0,0,1,0,0,0
nQoDIKJ8,0,0,0,0,0,0,0,0,0,0
jnMSeLTg,1,0,0,1,0,0,1,0,0,0
nUnIw4oL,0,0,2,0,0,2,3,2,3,1
gBMlwn9a,0,0,0,0,0,0,1,0,0,0
ee7NNLjV,0,0,0,0,0,0,0,0,0,0
EU7dk3Ft,0,0,0,0,0,1,0,1,0,0
1LbkBTOz,0,1,1,0,0,0,0,0,0,0
qVdYipIv,4,2,0,1,0,9,0,0,0,2
QaXL5rpY,0,1,2,0,0,0,0,1,0,0
d0IF2U15,1,0,0,1,0,0,0,0,0,0
chlf7JID,0,0,0,0,0,1,1,0,1,0
AAlRlTTB,0,0,0,0,0,0,0,0,2,0
21OSICSo,0,1,0,0,0,0,0,0,0,0
sUE0YjP3,0,1,0,0,0,0,2,0,2,0
da8wW0qX,0,0,0,1,0,0,0,0,0,0
BaKWykxc,0,0,0,0,0,0,0,0,0,0
tYYO0yhb,4,0,1,1,0,0,2,0,0,0
ZVuJ0ApD,0,0,0,1,0,1,0,0,0,0
FnH8gd0r,0,1,0,0,0,0,4,2,2,0
LiBUY8E2,1,0,0,0,1,4,0,0,0,0
dHMUV0gb,0,0,1,0,0,1,0,0,0,0
myHtcwdY,0,4,0,1,0,3,1,0,1,0
DRQmItVp,2,0,1,1,0,0,0,0,0,0
J93dhN5S,0,1,2,0,0,1,0,1,0,0
VdiOK1m9,0,0,0,0,0,0,0,0,0,0
s7LQF9Eb,2,0,0,0,0,2,0,0,0,0
bTONnqOR,0,2,1,1,0,0,6,0,1,0
DVwqKpQW,0,0,0,0,0,1,2,0,0,0
UF5kLLJ6,2,2,2,2,0,0,11,1,0,0
3V0sW8tf,0,6,0,1,1,0,2,0,0,0
q8T7WJxQ,2,1,1,2,0,4,1,1,1,1
9YbP9YwA,0,0,0,0,0,0,0,0,0,0
YiNMLNGe,0,2,2,0,0,1,1,0,0,0
DIaiFY31,7,0,2,1,1,2,0,1,4,0
K3f5S9ia,3,0,1,0,0,2,2,0,2,0
oHrmuWyr,0,0,1,0,0,1,0,0,0,0
L7NHZKaG,1,0,0,1,0,0,0,0,0,0
KX7BFM5m,1,0,0,0,0,1,0,0,0,0
Ke0UHI5I,0,1,0,0,1,0,3,0,6,1
VY9G8h1m,0,0,0,0,0,1,0,0,0,0
LS4RMDpe,0,2,1,0,1,2,5,0,0,0
1e4niPaR,0,0,0,0,0,0,2,0,1,0
TESBQ2sX,0,0,0,0,0,1,0,1,0,0
TnjWrqbU,1,0,2,0,0,0,0,0,0,0
IF4gZmmC,0,1,2,0,0,1,1,1,0,0
jnTsgyTM,1,2,1,0,1,0,0,0,0,2
h0FdApaR,0,0,0,0,0,0,1,0,1,0
EFZgd8oI,0,0,0,0,0,1,0,0,0,0
leo1zOKV,2,0,1,0,0,7,3,1,0,0
DwRtleWc,0,0,0,0,0,1,3,0,0,1
HWSJ3f4j,1,1,1,2,0,1,0,0,0,0
uU4fXHu9,1,0,0,1,0,0,0,0,0,0
soDo4VE4,2,0,0,0,0,0,0,1,0,0
pfc2ImAB,0,0,0,0,0,0,0,0,1,0
cxD7gzWt,4,0,1,0,0,1,0,0,0,0
i9ys4Ygg,1,1,0,1,0,0,0,0,1,3
LViMedKO,0,0,0,0,0,1,0,0,1,0
q2ozoGp9,0,0,0,1,0,2,0,1,0,0
f8wYX7hz,0,1,0,0,0,0,0,0,0,0
WWeYP7fa,0,1,1,1,0,1,1,2,2,0
6zUa3HAE,0,0,0,0,0,3,2,1,0,0
s3CeEQvz,5,1,0,0,2,5,1,0,1,1
WYl1FChP,0,0,2,0,0,6,1,0,0,0
J5EIL5l9,1,6,0,0,1,4,3,0,0,1
t0Iymhre,0,1,0,1,0,1,0,0,0,0
59XhCtgx,0,4,1,0,0,0,0,0,0,0
XdZy4FhF,0,0,0,0,0,1,0,1,0,0
tUD5zDmN,1,0,0,0,0,5,0,0,0,0
gZPdcZY8,3,2,2,0,1,0,0,0,0,0
uESju2Bb,0,0,0,0,0,1,0,1,1,0
fWg9tuL2,1,0,1,0,0,1,0,0,0,0
5C6lbi13,10,1,2,1,0,1,0,1,0,0
MFvG5aPz,0,0,1,0,0,0,0,0,0,0
RCRw45F2,3,1,2,0,0,1,0,0,0,0
DeH0VB7V,0,0,1,1,1,1,1,2,0,0
ggNTTpSU,0,4,0,0,0,1,1,1,1,0
xZfb2h0a,2,5,0,0,0,0,1,0,0,0
U6VUNHEa,3,0,0,0,0,0,0,0,1,0
nXRDTi2h,6,3,0,0,0,0,4,1,1,0
68r6Xi8I,0,0,2,0,0,1,0,0,0,0
tZcpg70W,3,0,0,1,0,2,0,0,0,0
zzZHnN42,0,0,2,2,0,0,0,0,1,0
Jf9ms4cp,2,0,0,0,0,2,7,0,2,1
4y27HIE1,1,0,2,1,0,5,0,0,0,0
8kaPB8V1,2,0,0,0,0,1,1,0,0,0
nBqeu47i,0,0,2,0,0,0,0,0,0,0
dnSvz91D,2,0,0,0,0,0,0,0,1,0
O69Ic64X,2,0,0,3,0,0,0,0,0,0
yagyocZ5,1,0,1,2,0,0,0,0,0,0
5qEH2GdI,3,0,0,0,1,0,0,1,0,1
Jvv5QWKY,1,1,0,1,0,4,0,0,2,0
gkpoVjhW,0,1,0,0,0,1,0,0,0,0
TerkVVJ6,3,0,0,0,0,1,0,0,0,0
CQmWpW3z,0,0,0,2,0,1,0,0,0,0
OALsBvZ4,1,0,0,0,0,0,1,1,0,0
7l0e3JUX,0,0,0,0,0,0,1,1,0,0
bwf85wcY,0,0,1,0,0,0,0,1,0,0
EAyElHDL,0,0,0,0,0,0,0,0,3,0
SYdWFHVM,0,0,2,0,0,0,0,0,0,0
HJVDilnF,5,1,0,1,0,0,1,0,0,0
ErlN2GUt,2,0,5,0,0,1,0,0,0,0
rUIEe34e,1,0,0,1,4,0,0,0,1,0
8hvLQQck,1,1,2,1,0,0,0,0,2,1
nOFBpuee,1,0,2,1,0,7,0,0,0,0
SQ3zFS2A,0,1,1,0,0,0,0,0,0,0
ziLuT2Zu,0,0,0,1,0,0,0,1,3,0
zVy8vSUY,1,0,0,1,1,0,0,0,0,0
8BnZZrh0,1,1,0,0,0,0,2,1,0,0
AC29Y0QZ,0,0,1,1,0,0,0,0,0,0
baG5BS57,3,1,0,0,0,0,0,0,0,0
mqM87okc,0,0,0,0,0,2,1,2,1,0
EFpW3vx0,3,0,0,1,2,0,0,0,0,0
chF2YRye,0,0,0,1,0,0,0,0,0,0
fcSth1NQ,0,2,1,1,0,0,2,1,1,0
QaN8gaLJ,0,6,0,1,0,0,1,0,0,0
10EBI9C4,4,2,3,0,0,0,0,0,1,0
lB9L1Abn,0,0,0,0,0,1,0,0,0,0
MansOoLs,1,0,1,0,0,6,0,0,1,0
LoOOVZAH,0,0,0,0,0,0,3,3,1,0
dl0av9d5,0,0,0,0,0,0,0,0,0,0
d4xMZOC5,0,0,0,0,0,0,0,0,0,0
1SUJUo4j,1,0,0,1,0,0,0,0,0,0
jB4sleeL,0,4,2,0,0,0,3,0,0,0
PWuWxkJ8,1,0,0,0,0,0,0,0,0,0
BVyDHuGu,0,0,0,0,0,0,0,0,0,0
Z4o7C6VA,1,0,3,0,0,1,0,0,0,0
w2KVN2FJ,1,1,0,0,0,1,0,0,0,0
WKHjbO76,0,0,0,0,0,0,1,0,0,0
1BJPxwiB,0,0,2,0,0,0,0,0,0,0
vvb55zha,3,3,1,1,1,0,1,2,1,1
zoBW3Oyj,0,0,1,0,0,0,0,0,0,0
GEJJceaa,0,0,0,1,0,0,0,0,0,0
8vnfpuvR,0,1,2,1,0,3,8,0,0,0
yixfmhXd,4,0,0,0,0,1,0,0,0,0
cbOg2FrP,0,0,1,0,0,0,0,0,0,0
8Y69IrXa,0,0,2,0,0,0,0,0,0,0
vcsWHOAV,0,3,0,1,0,1,9,1,0,0
hTRfz8s0,0,0,0,0,0,0,0,0,0,0
MCOxDajD,2,2,0,0,1,2,0,1,0,0
54JuJMX6,0,1,2,0,0,2,0,0,0,0
dXEJ3q0T,1,0,1,0,0,1,0,0,2,0
JFWVAiVf,11,0,0,0,0,0,1,0,0,0
XSullLI4,0,0,0,0,0,0,2,1,0,0
3dacepVD,1,0,0,0,0,1,0,1,0,0
6ZCAhYCy,2,2,0,0,2,0,0,0,0,0
w8o0MVwI,2,2,0,1,0,0,0,0,0,0
VHKGizoA,0,0,1,0,0,5,1,3,0,0
Jyvxvrgj,0,0,0,0,0,0,0,0,0,0
YVKh1YbC,0,0,0,1,0,2,0,0,0,0
j0zF2Rd3,1,0,0,0,0,0,0,0,0,0
zg4gARxU,0,0,0,0,0,1,0,0,0,0
i2fmZSFo,0,0,1,0,0,1,0,1,2,1
SzuyCGM5,0,0,0,0,0,0,0,0,1,0
axW5yUZh,5,0,0,0,0,0,3,0,1,1
LoTC56CJ,0,0,0,0,0,0,0,0,0,0
R5sjaeyc,1,3,5,3,0,0,0,0,0,3
rrk5p5Rs,0,1,0,0,0,0,0,0,0,0
IMasTu8C,0,0,0,0,0,0,1,2,2,0
yiZS0RDi,0,0,0,0,0,0,0,0,0,0
plxzOn3J,0,0,0,0,0,1,0,0,0,0
g8a6MUfr,2,0,1,0,0,1,0,0,0,0
QRCROiDo,0,0,0,0,0,5,1,1,0,0
uEmJt8Bz,0,0,2,0,0,0,0,0,0,0
XSDTHg5x,0,1,0,0,0,0,2,0,5,0
kiJ2KNHS,1,0,0,0,0,0,0,0,0,0
uzXmn25G,0,0,1,0,0,0,0,1,0,0
aRxcUniw,0,0,0,0,0,0,0,0,0,0
3iE25AX1,0,0,0,0,0,2,0,0,0,1
4F7jrZv1,0,0,0,0,0,0,0,0,0,0
xq8LrYtZ,0,0,0,0,0,0,0,0,0,0
ELnrs6E5,0,0,0,0,0,0,0,1,0,0
jBxa9l9j,1,0,0,0,0,7,1,1,1,0
TjkVuchv,0,0,1,3,0,1,2,1,0,0
pa9bBEp7,0,0,0,0,0,0,0,0,0,0
tURWEMPu,0,0,0,1,0,0,0,0,0,1
PRPamrNX,0,1,1,0,0,0,0,0,0,0
ZvKPunpR,3,0,2,0,0,0,0,0,0,0
GQnW8lAt,0,0,0,0,0,2,0,0,0,0
SyrowBTh,1,0,0,0,0,0,0,0,0,0
zcX7XzOw,0,2,0,0,0,6,5,1,2,0
0HIrTiUy,0,0,0,0,0,1,0,0,0,0
oUpUNaHE,0,2,0,0,0,2,0,0,0,0
8O85IGSx,0,0,0,0,0,1,0,0,0,0
4A5wY335,4,0,0,0,0,0,1,0,0,0
sgPyyJJ8,0,0,0,0,0,0,0,0,0,0
dv6J3oj8,4,0,1,1,1,0,0,1,1,0
K8uPbHBP,7,0,0,0,0,0,1,1,1,0
NJz5IGr7,3,2,0,0,0,1,0,0,0,0
gcJmUTpv,0,7,0,1,0,0,5,0,2,3
JxeIgGsS,0,0,0,0,0,0,0,0,0,0
qy4tXJ2P,0,0,1,0,0,2,0,1,0,0
mTmkomqi,1,0,0,0,0,1,1,0,0,0
Md255cKH,0,1,0,0,0,0,0,0,0,0
gnKlTaIH,0,1,2,0,1,5,1,0,0,1
XewD3gya,1,0,0,0,0,1,1,0,0,0
GeA0VgkO,0,0,0,0,0,6,0,0,1,0
v5XTQ7qN,1,3,0,0,0,0,1,0,1,0
srEgOH1Q,4,0,0,0,0,0,0,0,0,0
Puq4b4ff,0,0,0,0,0,0,0,1,0,0
FNePYKjD,0,2,0,0,0,2,0,1,1,0
OnslAk0D,0,0,0,0,0,2,0,0,0,0
d7HWaqyg,0,0,0,0,0,0,0,0,0,0
I0cTca7X,0,0,0,0,0,2,0,0,0,0
fW2vPgNm,3,1,1,0,1,0,0,0,0,0
QbQ2Use2,0,0,0,0,0,0,0,0,0,0
mQi0ZMb8,2,1,0,0,0,2,0,1,0,0
oRcuPVov,0,0,0,1,0,0,0,0,0,0
lDuMafoA,0,0,1,0,0,0,1,0,0,0
NmPhNFpa,0,0,0,0,0,1,0,0,0,0
ItqIymI3,0,0,0,0,0,5,0,0,1,0
9xnQHVoV,0,0,0,0,0,0,0,1,3,0
pWP6QuqQ,1,2,2,1,0,0,0,0,0,0
p9j7hCPh,0,0,0,0,0,1,0,0,0,0
brIbxaiT,0,1,1,0,0,4,1,1,1,1
CI6RRsRr,1,0,0,0,0,0,0,1,0,0
4n756W2v,0,0,0,0,0,1,0,0,0,0
D0Chhcup,0,0,1,0,0,0,0,0,0,0
r6nY9uKI,1,0,2,1,0,0,0,0,0,0
xjPCgcVa,0,0,0,0,0,0,0,0,0,0
QifP3Qbt,2,0,0,1,0,2,0,0,0,0
BASiNXTK,0,1,2,2,0,0,2,0,2,1
r0EHw4bf,0,0,0,0,1,0,1,1,0,1
ex0pvCkD,0,1,1,1,0,0,0,1,0,0
LHxhmVFf,5,0,0,0,0,0,0,0,0,0
y5BUKo57,2,0,5,1,2,0,0,1,1,0
rAIREvuT,0,0,0,0,0,0,0,3,0,0
us12IgEQ,0,0,0,0,0,0,4,0,0,0
MQjxlSqp,0,1,2,0,0,5,3,0,3,0
TCUgekoW,0,0,0,0,0,2,9,1,0,1
HISEIGob,4,0,0,0,2,0,0,0,0,0
TgBl907a,0,1,0,1,0,0,0,1,0,0
4qWOqwwg,0,0,0,0,0,0,0,1,2,0
OeCiNA2C,0,0,0,0,0,4,0,1,2,0
bGYQxuQa,2,1,0,1,0,0,1,0,0,0
Pbl8o99y,4,1,2,0,0,1,2,1,0,0
ZYhC4TzI,2,1,0,0,0,1,1,0,1,1
1bhdpAaA,0,1,1,0,0,0,0,0,1,0
YuPfpvm2,5,0,0,0,0,4,1,0,0,0
e8NAwhxa,0,2,0,0,0,0,1,0,0,0
GqpzTBuf,0,1,1,0,0,0,0,0,0,0
bNkev3hw,1,1,1,1,1,0,1,0,0,0
oZQb7Eg6,2,2,0,0,0,3,0,0,0,0
JGgHKfTQ,1,0,1,1,0,0,0,0,0,0
dYbJhMWy,0,0,0,0,0,1,0,0,0,0
FHt5TOeM,0,0,0,0,0,1,1,0,2,0
FMomViWB,0,0,1,0,0,0,0,0,0,0
ukDxwEkz,0,0,0,0,0,0,0,0,0,0
0PcMmIUu,0,0,0,0,0,1,0,0,1,0
Ws7m5zGF,1,0,1,1,0,2,0,0,0,0
QnCLwzVA,1,4,1,1,0,0,0,0,0,0
attQ5n4A,0,0,0,0,0,0,0,0,0,0
xwjFhtjY,0,0,0,0,0,0,0,0,1,0
mjku3pMe,0,0,0,0,0,2,0,2,1,0
KWPQsgLO,1,0,0,0,0,0,0,0,0,0
CN6qJpNs,0,0,1,1,0,0,0,1,0,0
0Sqjxx5I,0,1,1,0,0,6,4,0,0,2
XbuvAGdl,1,0,0,0,0,4,1,2,0,0
5da9jeEG,1,0,0,1,0,0,0,0,0,0
6HrDERH7,1,0,0,0,0,1,0,0,0,0
zKVV246w,15,1,0,0,0,0,4,0,0,0
PJtklpz7,0,0,1,0,0,3,0,0,1,0
rdjfyAxb,1,1,0,0,0,0,1,0,1,0
h6AwbBp7,4,0,1,1,0,0,0,0,0,0
bmr30kCa,0,0,0,0,1,4,0,1,1,0
NR1A5oaI,0,0,0,0,0,0,0,0,0,0
uDE3e5Fy,1,1,3,0,0,0,0,0,0,0
YX1EXEZV,0,0,1,0,0,0,0,0,0,0
WbGo6f8M,0,0,0,0,0,0,0,0,0,0
zeuBCm2B,0,6,0,0,2,0,2,1,0,0
Wmcve6hZ,0,0,0,0,0,0,0,0,0,0
J1MHqt0y,1,0,1,0,0,2,0,1,0,0
Hua56yRT,0,2,0,1,1,2,0,0,0,0
y1uAt0N1,0,0,0,0,0,3,1,0,0,0
SDF9Rc7I,0,1,0,0,0,0,3,0,0,0
4QslnLGS,1,0,0,0,0,7,3,0,0,2
qdCF7lBR,0,0,2,0,0,0,1,0,0,0
Hjo688An,7,1,0,1,1,0,0,0,0,0
CKipyNTQ,0,0,0,0,0,2,2,1,1,0
6ozfVrFt,2,0,0,0,2,1,0,0,0,0
b3OfLR1n,1,0,1,0,0,0,0,0,0,0
H8Y7AcuW,0,1,0,0,0,1,2,0,1,0
BAHdkOPH,0,0,0,0,0,0,0,0,1,1
C8i8Va4Q,0,0,0,0,0,0,1,0,0,0
3WWpCFbs,0,0,0,0,0,1,0,1,0,0
n0R1dBG7,4,4,0,0,1,1,4,0,0,0
jl09uyaS,0,1,4,0,0,0,0,1,0,0
cgnyFMD6,4,1,0,1,0,1,1,1,0,0
5Fimszvd,0,0,1,0,0,0,0,0,0,0
ND0oOM9N,4,0,1,0,1,4,4,0,0,0
Wl6TntEV,1,0,0,0,0,0,0,0,0,0
How5UuzY,0,0,0,1,0,0,0,0,0,0
Q8JAT8VY,0,1,0,0,0,0,0,0,0,0
RBdPCfs0,0,0,0,1,0,0,0,0,0,0
Ek5i5FIM,0,0,1,0,0,0,0,0,0,0
ua5vY3nL,1,0,0,0,0,0,0,0,0,0
dXLesy07,0,0,0,1,0,0,0,0,1,0
ImTT90Jz,2,6,2,0,1,3,7,5,1,0
K4mm6rVQ,2,3,0,0,1,0,3,1,3,0
gO28SaWw,0,0,1,0,0,3,0,0,0,1
KDF37S7x,2,1,2,0,0,1,0,0,0,0
W32N1sNX,0,0,0,0,0,1,0,3,0,0
0WefYvD3,0,0,0,0,0,4,0,1,0,0
yrbbfSos,1,0,1,0,0,0,0,0,0,0
DBXW4DrB,2,0,0,0,0,0,1,0,0,0
Tzj3KZKf,0,0,0,0,0,2,3,1,1,1
qraHgWtW,2,1,3,0,0,0,0,0,0,0
upwi7dI3,0,1,1,0,0,0,0,0,0,0
MwxecJxu,0,0,0,0,0,0,0,0,1,0
6WMUC9EE,3,0,0,2,0,1,1,0,3,0
tMAeLxwb,0,2,1,2,0,1,0,0,1,0
MGYvz5QB,1,0,0,0,0,0,0,0,0,0
ddLEgTPU,0,0,0,0,0,1,1,0,0,0
0dl6IUQo,3,0,1,0,0,1,5,1,0,2
PbXUqe1g,0,0,0,1,0,4,2,1,0,1
JPv7xmCx,0,0,0,0,0,0,0,0,0,0
6u6px8qV,0,0,0,1,0,1,0,0,0,0
VBj23BY9,0,0,0,0,0,0,0,0,0,0
SVWFuCv6,1,1,0,0,0,2,1,0,0,0
trWi3eRl,1,0,0,0,1,0,0,0,1,0
TNvSj8Hm,2,0,0,0,0,7,0,0,0,0
azKJ1ntM,1,0,0,0,0,0,0,0,0,0
QYq6zwyA,0,0,0,1,0,0,0,0,0,0
lGhI4Ttx,0,0,0,0,0,1,2,0,0,0
xDKTpP0Z,0,0,0,0,0,0,0,0,0,0
VykwMd6F,2,0,0,1,0,0,0,0,0,0
6DNeTY5H,1,0,0,0,1,4,1,0,1,0
dH06Xhrf,0,1,0,0,0,0,0,0,1,0
MaZA4UV7,9,4,0,0,5,0,0,1,0,2
hLIzOHac,2,2,0,0,0,5,0,0,1,0
bdUsuQN5,0,1,0,0,0,0,0,1,0,0
rfZJoqXm,0,0,0,0,0,0,0,1,0,0
KOWs3HkG,1,1,1,0,0,0,0,0,0,0
sJW6MkVr,0,0,0,0,0,1,0,0,1,0
sdfzIEu0,1,1,1,5,0,0,0,0,0,0
0PHuOfAh,0,1,1,0,0,0,0,1,0,1
EXMy76M2,3,0,1,2,0,0,1,0,3,0
jMfxR2Te,0,0,0,1,0,1,0,1,0,0
KrA6LiAV,1,0,0,0,0,0,0,2,0,0
MK9bU91m,1,2,0,0,1,3,0,0,0,0
cNMfPPvO,0,1,0,0,0,5,0,2,0,0
UKUaCv6H,0,0,0,1,0,0,0,1,0,0
pKGr56uM,1,0,0,0,0,0,0,1,0,0
SbHWTYJC,1,0,0,0,0,0,0,0,0,0
Nnv5KOGj,0,0,1,2,0,2,1,0,1,0
1r6RcNV0,5,5,0,0,1,0,1,0,0,0
radCiwKa,0,0,1,1,0,1,2,1,0,0
zfahbBU1,0,0,0,1,0,0,0,0,0,0
qqf01jGH,2,0,0,0,0,6,1,0,0,0
b3IPidSP,1,1,0,0,0,7,0,2,2,0
kQ8yzn17,3,0,0,2,0,0,0,1,0,0
bfBkiMD8,2,5,0,0,0,0,1,0,0,0
Whu9BIAl,1,0,1,0,0,1,1,1,0,0
3vkSoVzK,0,0,0,0,0,3,0,1,1,1
dlgw3kSd,0,0,1,0,0,0,0,1,0,0
BjcALg1q,0,0,0,0,0,4,0,0,0,0
XBqtZ0AD,1,0,0,4,0,0,0,0,0,0
9ZhR4j0R,2,0,3,2,2,0,0,0,0,0
uR9Pzz95,0,0,0,0,0,0,0,0,1,0
3iT5DPb5,0,2,1,0,0,8,1,1,5,0
4uFbILlH,0,0,0,0,0,0,4,2,1,1
Zep1oQqE,9,1,3,3,0,1,0,0,0,2
Uze9QiYJ,2,0,0,1,1,0,0,0,0,0
8vv2Yv0y,4,0,0,1,1,0,0,0,1,0
y5t7Be6Z,0,0,0,0,0,1,0,1,0,0
6thk2Z6H,0,0,0,0,0,0,0,0,0,0
TNye8DZB,2,0,0,0,0,1,1,0,0,1
wKDc8PPB,0,0,0,0,0,0,0,0,0,0
QmGn7IBj,1,0,0,0,0,1,0,0,1,0
B73GdgNU,0,0,0,0,0,0,0,1,0,0
srhNPwg3,0,0,0,0,0,1,0,0,1,0
zsKngdwZ,0,5,1,0,1,1,0,0,0,0
flHPvPIW,0,0,1,0,0,1,1,0,5,0
wShFCEoi,0,0,0,0,0,0,0,0,0,0
05lPXAHw,0,1,1,1,0,2,6,3,0,0
Yqxo6h8m,0,1,1,0,0,0,0,0,0,0
VjpeiX53,0,1,0,0,0,1,0,0,0,0
EvmMLxnx,0,4,0,0,1,0,4,0,0,0
6VlQ6czm,0,1,0,0,0,0,0,1,0,0
RtAMBmWv,0,1,0,1,0,0,2,0,0,0
w6fwQrQa,0,0,0,0,0,0,0,0,0,1
WNd2LW3R,6,0,2,2,1,4,2,0,0,0
k8rMzYmb,1,1,0,0,0,2,0,0,1,0
k9zsxFEd,0,0,0,0,0,7,1,2,0,0
38KIZm6o,0,0,0,0,0,1,0,1,0,0
idT2QOVf,0,0,1,0,0,2,1,0,1,0
kuf6ky2B,0,1,1,0,0,0,0,0,0,0
6LhJe4mW,0,0,0,0,0,0,0,0,0,0
td9B6hDP,8,0,0,0,0,1,0,2,0,0
wDJafHT2,0,1,0,1,0,1,3,2,1,0
L6KqQc9W,0,0,0,1,0,0,0,0,0,0
O5wbCl24,0,1,1,0,0,0,1,0,0,0
Ip6A1Cdn,1,0,2,0,0,4,3,0,2,0
xziipPSk,1,0,0,1,0,2,0,1,1,0
40YDq9fa,1,0,1,0,0,1,0,0,2,0
VBcCCRcI,0,0,0,0,0,0,0,0,0,0
9Cx98HSY,1,3,0,1,0,0,0,1,1,0
Sr4V4qUF,3,0,0,0,0,16,0,0,1,1
OPEOOLcr,0,0,0,0,0,0,0,0,0,0
sRXmi47Q,0,0,0,0,0,0,0,0,0,0
LeKE2zdv,3,2,0,2,0,0,0,0,0,0
LcGPoeiu,3,0,2,4,0,1,0,0,0,0
KpS7MIT3,0,0,0,0,0,0,0,0,0,0
rXZ6B3on,2,1,0,1,0,0,1,0,0,0
47EGTVg1,1,0,0,1,0,2,0,1,0,0
89OnCrgp,1,0,0,0,0,0,0,0,0,0
4uwzcL3p,0,0,0,0,0,0,0,0,2,0
PUtyR9EU,2,0,0,0,0,4,1,1,0,1
R3NMwTtp,0,0,1,0,0,0,0,0,0,0
InfXQatq,0,0,0,0,0,0,0,0,0,0
WETnoIjW,0,0,1,0,0,1,0,1,1,0
krxziIwy,2,1,1,0,1,0,0,0,0,0
E3tSy3TH,0,0,0,0,0,0,0,0,0,0
fJ8vv2Bd,0,0,0,0,0,2,0,1,0,0
K5CPqbTB,2,0,0,3,0,0,0,0,0,0
i23MWAPY,0,0,0,1,0,4,2,0,2,1
H5HWgPLw,15,1,0,0,1,0,1,0,0,0
7WyNKvGO,1,0,1,0,0,0,0,0,0,0
Bn0MjGpS,3,2,0,0,0,5,0,1,0,0
kpMyK2c9,1,5,0,2,0,2,1,0,0,0
q17H8g0Y,1,0,0,0,0,3,1,2,0,0
04BeQuQF,5,1,0,2,0,1,0,2,0,1
DZCHIQie,4,2,0,0,0,2,1,0,0,0
M7OdHu9a,3,1,0,0,0,0,0,0,0,0
l1fYQA4M,1,0,1,0,0,0,0,0,0,0
9DUPiT9y,0,0,0,0,0,0,1,0,0,0
04w3VRD1,0,0,0,4,0,4,2,0,3,0
OXfCNacA,1,0,0,1,0,2,0,0,0,0
pm2ByVyv,5,2,1,0,0,4,0,0,0,0
0H14MOvo,2,0,0,0,0,1,0,0,0,0
hwszlY52,1,0,2,0,2,3,0,0,0,0
3foL2UU1,0,0,0,0,0,0,0,0,0,0
sbgPQXtv,0,0,0,0,0,5,2,1,0,0
CjhDjrdH,1,0,2,1,0,0,3,0,0,0
AVLVW0oh,0,1,0,0,0,0,1,0,1,0
kZd3wTAA,1,1,0,0,0,2,1,0,0,0
58A6DEdG,0,0,0,0,0,1,0,2,0,0
zYmqiFk3,3,2,1,0,0,0,0,0,0,0
2ma5rtiC,0,0,1,0,0,1,1,0,0,1
CNncTTp3,0,0,0,0,0,2,0,0,0,0
fWdfXFs7,0,0,0,0,0,0,1,0,0,0
SE6sLZlA,0,1,1,0,0,0,1,1,0,0
x570mIum,1,6,0,0,1,1,0,1,0,1
mVUMNCDz,0,13,1,0,0,1,3,0,0,2
K3d0QTt4,0,0,0,0,0,0,0,1,0,0
9IZWD795,0,0,2,0,0,0,0,0,0,0
aPcaKVRC,0,1,0,0,0,2,0,0,0,0
7tNTlcMO,2,5,0,0,1,0,2,0,1,0
hh9jgHTb,3,0,0,0,0,0,0,0,1,0
Z2Zodvk5,0,1,1,0,0,0,0,0,1,0
TUXloV0i,1,0,0,0,0,4,0,0,0,0
lfNJNvGY,7,0,1,2,2,0,0,0,0,0
tobxEJ96,5,0,2,0,0,0,1,0,0,0
DFPgCVHz,0,0,0,0,0,5,0,0,0,0
TTEkOlQH,0,2,1,0,0,0,0,0,0,0
GlqDq1DK,0,0,0,0,0,0,0,0,0,0
O9IuphJi,5,0,1,2,1,4,0,0,4,0
iHYGYTeH,0,0,0,0,1,1,0,0,0,0
RNppWWzo,1,3,0,0,0,1,4,0,0,0
iyTZRi1c,0,0,1,0,0,1,1,0,1,0
4EgAkO0N,1,0,0,0,0,4,1,1,0,0
zpxlkzza,0,1,0,0,0,0,0,0,1,0
oTnsTtZp,0,0,1,1,0,1,0,0,0,0
F5bMB1Ef,0,0,0,0,0,1,0,2,0,0
FgbIRJOY,2,0,0,0,0,0,0,0,0,0
5XvdZcMP,0,0,0,0,0,0,0,1,0,0
n9XtdKw8,1,1,0,1,1,0,1,0,0,3
OYf6L8oZ,0,0,0,0,0,2,0,0,0,0
By1dwVr0,10,0,1,0,0,5,0,1,0,0
cyMUz5r6,0,4,1,0,1,1,0,0,0,0
ixajMIbG,0,0,0,0,0,0,2,0,0,0
Iwn0PRXI,5,1,0,1,0,3,1,1,0,2
MfoJWtAE,0,0,0,0,0,1,0,0,0,0
JE0cITZg,3,1,0,1,0,0,1,1,0,0
5EJ3AE31,0,5,0,0,0,0,0,2,3,0
mhYg63MP,0,0,0,0,0,0,0,0,0,0
ZsIMBtuR,0,0,0,1,0,0,0,0,1,0
eT7rfpxT,1,1,2,0,1,0,0,2,0,0
xGpShefq,0,0,0,1,0,0,0,1,0,0
5Vm8nq3P,0,0,0,0,0,0,0,0,1,0
42iZoHZw,1,2,2,1,0,0,3,0,0,0
YraPFP2R,0,0,0,0,0,0,0,0,0,0
mlnFaPRY,1,6,0,1,1,2,2,0,1,2
2wFZOxfk,2,0,0,0,0,2,0,0,1,0
UurWQl10,0,5,0,0,0,1,0,0,0,1
51P3aVtd,0,0,0,0,0,4,0,1,0,0
L81HPYmm,1,3,3,0,2,1,0,0,1,0
2dh5dk2y,0,1,1,0,0,0,0,1,0,1
N6wpS5TP,0,0,0,1,0,0,0,0,0,0
cS85zB3v,0,0,0,0,0,0,1,0,0,0
rEw0WgYn,1,0,1,0,0,8,0,0,2,0
oYYdqsXp,0,0,0,0,0,1,1,0,0,0
YLWjxdni,2,0,0,0,0,0,0,1,1,0
Xt3Gnyaa,0,0,0,0,0,0,0,0,0,0
LdDb6LIU,0,0,0,0,1,1,0,0,0,0
RRoPJ9cK,1,0,0,0,0,1,0,0,0,0
wE7c7v7g,1,0,1,0,0,0,0,0,0,0
JLUR7Hhe,1,1,0,0,0,1,1,0,0,1
JSY0f6ht,9,0,0,2,1,0,0,0,3,0
iSqPFJve,2,0,0,0,0,0,0,1,0,0
DJWkaUQH,0,3,0,1,0,0,1,0,1,0
XKRnat2r,0,0,0,0,0,0,0,1,0,0
SwIl6dVX,0,0,0,0,0,1,6,0,0,0
DuoRhgLs,0,0,0,0,0,0,0,0,0,0
aeWwdmkS,17,1,0,0,0,11,0,1,0,0
ZLYhSzzo,0,0,0,0,0,0,0,0,1,0
Z8nEyFsU,0,0,0,0,0,6,1,0,0,0
0YZIqa5w,1,2,0,1,0,0,1,1,0,0
crTMzOgU,0,0,0,0,1,9,1,0,0,1
ErgRoPZd,0,0,0,0,0,0,0,0,0,0
8kccFbVv,0,0,0,0,0,0,0,1,2,0
LG7zN8RF,1,9,2,0,1,0,1,0,0,0
56hz3EwH,0,0,1,0,0,0,0,0,0,0
8myQvYwS,1,2,0,0,0,2,1,0,0,0
FpjfI7Nn,0,3,0,2,0,0,0,1,0,0
5yIv5ZCl,0,1,0,0,0,0,0,3,0,0
Eqdjwpun,0,0,0,0,0,0,0,0,0,0
MCuwqn86,0,0,0,0,0,0,0,1,0,0
0OamMnop,0,0,2,0,0,1,1,0,0,0
y6EduaNR,3,0,0,0,0,0,0,0,0,0
yS7ye3Jb,0,1,2,0,0,0,0,0,0,0
AbNnNy0s,0,0,0,0,0,0,0,0,0,0
isdpL7L4,0,0,0,0,0,0,0,0,0,0
60kSwreA,0,0,0,0,0,0,0,1,0,0
VN1zQimE,0,0,1,1,0,0,0,1,0,0
KPhS2FpZ,0,0,0,0,0,0,0,0,0,0
WzF0LCaj,0,0,0,0,0,2,0,0,2,0
c1visB14,1,0,1,0,0,0,0,0,1,0
4df1jkYS,2,0,0,1,0,0,0,0,0,0
MBjXX8gh,1,0,1,0,0,0,0,2,0,0
gY4nvBxa,0,1,0,0,0,0,0,0,0,0
xD6xJcIg,1,0,1,0,0,3,1,0,0,0
WEjmMZMe,0,0,0,0,0,0,0,0,0,0
lZagUs1f,0,0,0,1,0,1,0,0,3,0
yG6hAdV6,0,0,0,0,0,3,1,0,0,1
KtCddjOm,0,2,0,0,0,1,0,2,0,0
9iNPng1u,0,0,0,0,0,0,0,0,0,0
HvHYwFVb,0,0,0,0,0,0,0,0,0,0
QY86sFJY,5,2,3,1,0,1,0,0,0,0
xJWA1j8C,0,0,0,0,0,0,0,0,0,0
c8IKENjt,1,0,0,0,0,0,0,0,0,0
HYopf7fO,0,0,1,0,0,0,0,0,0,0
1wTsJXmq,3,0,0,0,1,1,2,0,0,1
V0Paqxxc,0,0,0,0,0,0,0,0,0,0
2vFjXPSD,0,1,0,0,1,0,1,1,1,1
1oqRIeIM,1,0,0,1,0,0,0,0,1,0
BRpGA7tQ,0,1,1,0,1,0,2,1,0,1
GhShYBA8,0,0,0,0,0,0,0,0,1,0
GY4UCja8,3,0,2,1,0,4,0,0,0,0
hUhbNCqS,0,0,0,0,0,0,0,1,1,0
UlXpEHq5,0,0,0,2,0,1,0,0,0,0
7vSVZ07k,1,0,0,0,0,0,1,1,0,0
llgmkweT,0,0,0,2,0,0,1,0,0,0
twEMP4KP,0,1,0,0,0,0,0,0,0,0
gtkGMXSC,3,0,0,0,0,0,0,1,0,0
NsT1RtEr,0,0,1,0,0,0,0,0,0,0
PxQ4huaF,0,0,0,0,0,2,1,0,0,0
xdgSbsqu,1,0,0,0,0,0,0,0,0,1
QPzRlXug,3,0,1,1,0,1,0,0,0,0
AmCXOP45,0,0,0,0,0,1,0,1,0,0
ABAMSuu7,0,0,0,0,0,0,0,0,0,0
rL7unfkf,2,0,1,0,0,0,0,0,0,0
Z5BsT9VG,0,0,1,0,0,0,0,0,0,0
vCktBLsZ,0,0,0,0,0,5,0,1,1,0
JJz4RDLk,1,0,0,0,0,0,0,0,0,0
boLzoI5q,3,0,0,2,0,2,0,0,0,0
AvWESW1s,0,0,0,0,0,0,0,0,0,0
ePQ9DSek,0,0,0,0,0,3,0,0,2,0
1KfJa6ep,0,0,1,0,0,3,0,1,0,0
L5pyL2ZO,0,0,0,0,0,0,0,0,0,0
LuS0RXwP,0,0,0,0,0,6,3,1,0,0
EVHgKwOm,0,1,0,4,0,0,1,1,0,0
9qUupfmk,2,0,0,3,0,0,0,0,0,0
a9ZMvlMQ,0,0,0,0,0,0,0,0,0,0
E7eIbXLA,1,1,0,0,0,2,0,0,0,0
wUjgbDa4,1,0,0,0,0,1,1,0,1,2
rxplVICh,0,1,0,0,0,1,0,0,1,0
XKXztlwa,8,0,2,0,0,0,0,0,0,0
rs5jyTJh,1,1,0,4,1,0,2,0,3,0
3wZShzDL,0,0,0,0,0,1,0,0,0,0
wlFXfxT5,3,2,0,0,1,0,1,1,0,0
MF3cZxIN,0,3,0,0,0,0,0,0,0,0
DD0GqGgz,4,0,1,0,0,0,0,2,0,0
K2BLjYqq,0,0,0,0,0,0,1,0,0,0
VbeqCzSx,0,0,0,0,0,0,0,0,0,0
ENj01USJ,0,0,0,0,0,0,0,0,0,0
9pmhTn2b,0,0,0,2,0,1,0,0,0,1
tsqUTvjI,6,5,1,0,1,0,0,0,0,0
gR4ffEe1,0,0,0,0,0,1,0,0,0,0
wlmKGftO,0,1,0,0,0,0,0,0,1,0
M35EXAI4,0,0,0,0,0,0,0,0,0,0
bLImSeze,2,2,0,1,0,0,1,1,2,0
m6lvpbxY,0,0,0,0,0,0,0,0,0,0
Hsl2lqA6,1,0,0,2,0,0,0,0,0,0
1IkSnwZ9,0,0,0,0,0,0,0,1,0,0
JfXQUEBg,2,0,0,1,0,0,1,0,0,0
oZdTfbum,6,0,2,1,0,0,2,0,0,0
pux74dJA,0,0,0,0,0,1,2,1,0,0
8mrydU9x,0,0,0,0,0,0,1,0,0,0
xMSi8HDR,0,0,1,0,0,0,0,0,0,0
porw02Il,0,0,0,0,0,1,0,0,0,0
cfDrKJlP,1,0,1,0,0,1,0,0,0,0
lh7TF5FW,2,3,0,0,0,2,6,1,0,0
dXfdrBJX,5,0,0,0,0,5,1,0,1,0
hdqNFlhc,0,1,0,0,3,9,2,3,0,0
huBr523Y,0,0,2,0,0,0,2,1,0,0
SHmEl2Sp,1,2,0,1,0,0,0,0,0,0
5Z7JFOaV,2,0,1,0,1,0,0,0,0,0
bK2NYGGd,0,0,0,0,0,0,0,0,0,0
zJL4ts82,1,1,0,0,0,1,0,1,0,0
Qf82k6cF,1,0,0,0,0,1,0,1,0,0
Wc4mIqP0,7,4,2,0,0,0,0,0,0,0
s3y1zGqN,0,2,0,1,1,0,1,0,1,0
SfGpVGxY,1,0,2,0,1,1,3,0,0,1
Yx6DdPJQ,2,0,0,0,0,5,0,0,1,1
H1eEFOKa,0,0,0,0,0,0,0,0,0,0
OWa5dZ9R,1,1,0,0,0,0,0,0,0,0
6LQXJeJI,0,0,0,0,0,0,0,0,0,0
QR3hEaHv,1,0,0,1,0,0,1,1,0,0
8m3PuXQF,0,0,1,1,0,0,0,0,1,0
0AAYrloE,0,1,0,0,0,2,0,1,0,0
jOdePucP,0,0,0,0,0,6,0,4,0,0
i9SNqR78,2,0,1,0,0,3,0,0,0,0
IADvDEdg,2,0,1,0,0,4,0,0,0,0
meWgk0V2,1,7,1,0,0,0,3,1,0,0
AbiDZKo8,2,0,1,0,2,1,0,0,0,0
glVY89Yk,0,0,0,0,0,1,0,1,0,0
AHGb6zPq,0,0,1,2,4,0,0,0,0,0
XuVoeJ6v,1,0,0,0,0,2,1,0,0,0
skx0Q5H0,0,0,1,0,0,0,0,0,0,0
hvzfsdNJ,0,0,0,0,0,3,3,0,3,0
BZyxqPVM,1,0,0,2,0,1,0,0,0,0
1DSAd7AH,1,0,0,0,0,1,0,0,0,0
FJZOsTou,3,1,0,2,0,0,0,0,0,0
kWOw3rNp,0,0,3,0,1,0,2,1,0,2
PIgU8NoK,0,0,0,0,0,0,1,0,0,0
7PAFeYTI,1,0,0,0,0,1,0,0,0,0
yYlypKyZ,1,0,0,0,1,0,2,0,0,1
56cihLEK,0,7,0,0,2,0,2,1,0,0
V4upsQib,0,0,1,1,0,0,0,0,0,0
XvT7d9A2,0,0,0,0,0,0,0,0,1,0
TozrL7zv,0,4,1,0,0,0,13,0,0,1
CSwmpJqH,0,0,0,0,0,5,0,0,2,0
E8PYoufl,0,0,0,0,0,1,3,0,1,0
EwVF4Kkq,2,0,0,0,0,0,0,0,1,0
OVdwvITV,0,0,0,1,0,1,2,0,2,0
MbA4mvop,0,0,0,1,0,2,0,0,0,0
TlBc4CvH,0,0,0,0,0,1,0,0,1,0
QucyeP9M,1,0,0,0,0,0,0,0,0,1
uVWVqz9y,0,0,0,0,0,2,1,0,0,0
6Lbd9tSa,2,2,1,2,0,0,0,0,0,0
K0e8hV8W,0,0,0,0,0,2,0,1,0,0
y5Q7USTm,0,1,2,0,0,0,0,0,0,0
ScgawLAH,0,3,0,0,0,6,0,0,4,2
OeKbJjvi,1,0,0,0,0,0,0,0,0,0
CkSFvCv7,12,0,0,1,0,0,1,0,0,0
434cMzAy,3,0,0,0,0,1,1,0,0,0
yJqebFei,3,1,0,0,0,0,0,0,1,0
mmRmeyED,0,0,1,0,0,1,1,1,2,0
y6xlyJ2b,0,2,0,0,0,0,1,0,0,0
s159hzrZ,0,0,1,1,0,4,0,0,0,1
dPsTEfLf,1,0,0,0,0,0,0,0,0,0
Qmee4L1m,1,0,1,0,0,4,1,1,0,0
Op2FPBFG,1,1,0,0,0,0,0,1,0,0
TJTCF5XE,1,3,0,0,0,2,3,2,0,0
DqiLPEI3,0,0,1,0,0,2,0,0,0,0
inhwuS3P,2,6,0,0,0,2,4,0,0,0
FLrfJuoQ,0,0,0,1,0,0,0,0,0,0
bccFmt4T,1,0,0,0,0,0,0,0,0,0
6W9Yf8JT,0,0,0,0,0,0,0,0,0,0
vPQ5pSZU,0,0,0,1,0,1,2,0,0,0
5YNnABNo,0,2,0,0,0,7,4,1,1,0
Ei6FF214,2,1,1,1,0,0,0,0,1,0
zG5LgZ21,1,1,0,1,0,0,1,0,0,1
ngMNmFy0,0,0,0,0,0,10,2,0,1,0
2pNsdmMu,2,0,1,0,0,0,0,1,0,0
9k4o40Ya,2,0,0,0,0,0,1,0,1,0
akmIXxrt,0,0,0,0,0,7,0,1,0,0
QQSHKUUG,0,3,0,1,0,0,0,0,1,0
Ck2DV4F8,0,1,0,1,0,1,14,1,0,1
C7GJBLvQ,0,0,0,0,0,0,0,0,0,0
W7QKok6F,0,0,1,0,0,2,0,0,3,0
xDVIIqvP,3,6,2,0,0,1,3,0,0,0
j22muX49,0,0,0,0,0,0,0,0,0,0
8ukiBfum,1,0,0,0,0,2,0,0,0,0
fIdg2rmc,0,0,0,0,0,0,0,0,0,0
Zi9n0OIm,0,1,0,0,0,2,0,0,1,0
vPBXbz32,0,3,0,0,0,3,2,1,1,0
Ol1N2SsP,0,0,0,1,0,3,0,1,1,0
i3HO7XFR,2,2,1,0,0,1,1,0,0,1
EYN4CWzr,1,0,2,1,0,0,0,1,0,0
zpV8fD4X,0,0,0,0,0,0,0,0,1,0
N02e9rtf,0,0,1,0,0,0,0,0,0,1
xYmUilur,2,2,2,0,0,1,0,0,0,0
5x6VChLL,1,1,0,0,0,0,0,2,0,0
znggkPJB,1,1,1,1,1,2,4,0,3,1
vgjBMNW2,5,1,1,1,1,3,1,1,0,0
YZKwkrHF,0,0,0,0,0,0,1,1,0,0
Anu9lWZY,1,0,0,0,0,2,1,0,0,0
H6qvL0ww,6,0,0,1,0,5,5,1,0,0
Rr1Av7xf,2,3,1,4,0,0,0,1,0,0
RdnBExGY,0,0,0,1,0,0,0,0,0,0
YjLSioFa,3,1,0,2,0,2,2,0,1,0
aEBF7X0G,0,0,1,1,0,0,0,0,0,0
j6yZvoTO,0,0,0,1,0,1,2,1,2,1
6J7P8dMY,0,0,0,0,0,2,0,0,0,1
kx33gJRS,1,0,2,0,0,0,0,0,0,0
KOHN02b7,1,3,1,0,0,0,2,1,0,0
xncVgDer,0,0,0,0,0,0,0,0,1,0
qAuFfOAT,2,0,0,0,0,0,0,1,0,0
WTAhxlRQ,1,0,0,1,0,0,0,0,1,0
T4VEU3Uq,1,0,0,0,0,0,0,0,0,0
zAe0X7a7,0,0,0,0,0,0,0,0,0,0
5fngzAdm,0,0,1,1,0,2,0,0,0,0
oO3WAiB0,1,0,0,0,1,2,0,0,0,0
01iiUBtT,0,0,1,0,0,0,0,0,0,0
WfNr7bNk,1,1,0,0,0,0,1,1,0,0
CW3vme2j,0,1,0,0,0,0,0,0,0,0
vzMtSQE3,0,0,1,0,0,2,4,0,0,1
BK85zMOs,0,0,0,0,0,2,0,0,0,0
11xt5kHi,1,0,1,0,0,0,0,0,0,0
vOn3c14q,4,0,1,0,0,0,0,0,1,0
sNmf3N0m,0,0,0,0,0,0,0,0,0,0
vLvmdh9d,2,1,0,0,0,4,0,2,0,0
mrLrcZOj,1,0,0,0,0,0,0,0,0,0
qXHmC6Jy,0,0,0,0,0,0,0,0,0,0
w8boRlEv,0,5,0,5,0,0,0,0,0,0
xNIjN1DW,3,1,1,0,0,0,0,0,0,0
iZSy6wT4,1,1,0,0,0,0,0,0,0,0
V0vZVaQN,0,1,0,0,0,0,0,0,0,1
ygHNaczZ,0,0,3,0,0,0,0,0,0,0
ELIR2xWy,0,0,1,0,0,0,0,0,0,0
ppmobudi,6,2,1,0,0,0,0,0,0,0
hp0W4kR6,0,0,0,0,0,1,0,0,0,0
CyGFwJfl,0,0,0,0,0,0,1,0,0,0
vrUU0nTy,1,1,0,0,0,0,0,0,0,0
v80z9vvT,0,0,0,0,0,1,2,5,2,1
subaa1Re,0,0,0,1,0,0,0,0,0,0
hxSpAfM0,1,0,1,0,0,1,1,0,0,0
jYYNE6Xg,2,1,1,1,0,0,0,0,1,0
Dlowrw4q,2,4,0,0,2,0,0,0,0,0
fGQfoOow,0,0,0,0,0,0,0,0,0,0
9gtv3jXk,3,1,1,0,0,0,0,0,0,0
mVxQJb1M,1,0,0,0,1,0,0,0,1,0
qlI67Nr7,8,4,0,1,0,1,0,2,0,0
lVkHJhrL,0,0,1,0,0,4,0,2,2,0
XH4IhRBN,0,0,0,0,0,0,0,0,0,0
uO1JzYru,0,0,0,1,0,0,1,1,0,0
f1LvsHEO,1,0,0,0,0,2,1,1,0,0
vFFbM0Eq,9,3,5,1,0,0,0,1,0,0
bk0EVKrW,1,0,1,0,0,1,0,1,0,0
pLqeAcsA,1,0,0,0,0,0,0,0,0,0
TDRntb7U,3,2,1,1,0,1,0,0,1,0
4s9bEirO,2,0,1,0,1,3,2,0,0,0
Ijgb4qP2,0,3,0,2,1,2,1,0,0,0
ANCt81yC,0,0,0,1,0,0,0,0,0,0
bR1FlT52,1,1,1,0,0,0,0,0,0,0
LkhwzMPX,0,0,0,0,0,0,0,0,0,0
gtVEsKY7,0,0,0,0,0,0,0,0,0,0
TPlqsWks,1,2,0,0,0,1,0,0,0,0
dIOfxxoQ,11,1,3,2,1,1,0,0,0,0
hvR3gZ3F,0,0,0,0,0,0,0,0,0,0
WHvmwXPO,0,0,0,0,0,0,0,0,0,0
eDJeQhEn,0,0,0,0,0,0,0,0,0,0
9ZkpQHdK,0,0,0,0,0,0,0,0,0,0
jf3aWmOe,1,1,2,0,1,0,0,1,0,0
u4xsMn6K,0,0,0,0,0,0,0,0,0,0
OkJ5XZIy,0,0,0,0,0,0,0,0,0,0
aqicixtD,0,0,0,0,0,0,0,0,0,0
RvYENqec,0,2,1,1,0,0,0,0,0,0
DXNR7mLV,4,1,0,0,1,0,1,0,0,0
gJsHmgb2,1,0,1,0,0,0,0,0,0,0
3hnk7mQg,10,3,0,1,0,0,0,0,0,0
z4TQM1Ud,1,3,0,0,0,0,0,0,0,0
FpWd03Og,0,0,0,0,0,1,3,0,4,0
IQMyBxBA,1,0,1,0,1,1,1,1,0,0
7cUhlPva,1,0,0,0,0,0,1,0,0,1
BiscYXwU,0,0,3,0,0,1,0,0,0,0
Az4CH5ey,0,0,1,0,0,0,1,0,0,0
vF3j3dgn,3,0,2,2,1,0,0,0,0,0
tmJZ0EFx,0,0,0,0,0,0,1,1,2,0
ZTxpQSwW,0,0,0,0,0,0,0,0,0,0
YcYEyEAp,1,1,1,0,0,1,0,0,0,0
U3XWgFBc,0,0,0,0,0,0,0,0,0,0
bimIQ1IO,2,0,0,1,0,2,0,0,0,0
IQXdEEmw,0,1,0,0,0,0,0,0,0,0
l9Vfjj03,1,0,0,0,0,0,0,0,0,0
woRLfG2V,0,0,1,1,0,3,0,4,0,0
DQdkTGwD,1,0,1,0,0,0,0,0,0,0
gVgO6Bh6,0,0,0,0,0,0,0,0,0,0
v3GzDidW,0,0,0,0,0,0,0,0,1,0
CksRNYH1,2,0,0,2,0,0,2,0,0,0
pC0nxTHH,0,5,1,0,1,0,8,0,2,0
SUSeLtdy,0,0,0,0,0,0,0,0,1,0
b1HbpKQt,0,0,0,0,0,2,1,1,0,0
Tk4QmZl0,0,1,0,0,0,1,0,1,0,0
U1dSMZH5,0,1,0,0,0,3,0,0,0,0
a9xWCT7H,2,4,0,0,1,3,0,1,0,0
vRB8J1xW,0,0,0,0,0,0,0,0,0,0
R8u83hpu,1,0,0,0,0,0,0,0,0,0
Qxz5DT30,0,1,2,0,0,0,0,0,0,0
ZC7uZhVp,1,0,2,2,0,0,0,0,0,0
Auea5KQI,5,1,2,0,0,0,0,1,0,0
UbI6QNFa,2,0,1,1,0,4,0,0,0,1
oSfdK4FJ,0,1,1,0,2,0,3,1,1,0
rbDTqvpx,1,2,2,0,0,0,0,0,0,0
lr4qTfux,2,1,0,1,0,0,1,0,0,0
L0lKYMQA,4,0,0,1,0,0,0,0,0,0
cPclgz6q,2,0,0,0,0,0,0,0,1,0
qPMQ74Vm,1,0,0,0,0,1,0,0,0,0
qwj2wgLw,4,1,1,2,0,1,0,0,1,0
kFwEcF5Q,3,0,0,0,0,0,0,0,0,0
2Gz3IfHc,1,2,0,1,1,0,0,0,0,0
ZWE2tF6H,2,0,1,0,0,0,0,0,0,0
qUcJl3eq,1,0,0,0,0,0,0,0,0,0
QTKhBiL7,0,0,0,1,0,0,0,0,0,0
CEzyp06C,4,0,0,1,0,0,0,0,0,0
DBDDVDvb,1,1,0,2,0,1,1,0,0,0
1fLi1gcD,0,0,0,1,0,0,0,0,1,0
EVWkFLfj,2,2,0,0,0,5,8,0,3,0
QJl0eebS,4,1,2,1,0,1,1,0,0,0
zhoKm2D8,0,0,1,0,0,1,0,0,1,0
XVdkHMUi,0,0,1,0,0,2,6,0,1,2
qx9jIOQM,0,0,0,2,0,0,0,0,0,0
DFhXFeCB,0,2,0,0,0,0,0,0,0,0
qTY0s4GM,1,0,0,0,0,0,0,0,0,0
XVNMo8Cf,1,0,0,0,1,1,2,0,0,0
g9SwlrJ5,0,0,0,0,0,0,0,1,0,0
JyELaheF,6,0,0,2,1,4,0,2,0,0
B1Sb7gUe,0,0,0,0,0,0,0,0,0,0
ZiBXrtGP,4,2,0,1,0,0,0,0,2,0
EUmatUud,0,5,0,1,0,5,0,2,0,0
7zyuvZ5a,0,0,0,1,0,0,0,0,0,0
7CRqLO9G,0,0,0,0,0,0,0,0,0,0
D4WfI1dP,0,0,0,1,0,1,0,0,0,1
KqcmbHCv,0,0,0,0,0,3,0,0,1,0
NSLihccE,0,4,1,0,0,2,5,1,1,0
rkQQ4eHx,0,0,0,0,0,0,1,0,0,0
LZeMTU2V,0,0,0,0,0,0,0,0,0,0
ZbQ4gnko,0,1,0,0,0,1,1,0,0,0
fCCzStfc,0,0,0,0,0,2,3,0,1,0
8qz1KmSr,3,1,0,0,0,0,0,0,0,0
Dvo5VsUR,3,0,0,1,1,0,0,0,0,0
OAFBZ6Hi,1,0,0,0,0,1,8,0,0,1
mHCwGy2q,0,0,0,1,0,0,0,0,0,0
F80siePS,0,0,0,1,0,0,0,0,0,0
kGyASGv1,0,0,1,0,0,0,0,0,0,0
ehGtPKCq,0,0,0,0,0,0,0,1,0,0
ctzb3CUG,0,0,0,0,0,0,0,0,0,0
RjWyFlPT,0,0,0,0,0,4,0,2,2,0
SGEjIuj0,0,0,0,0,0,0,0,0,0,0
qf19EWSV,4,0,0,1,0,0,1,0,0,0
NpiG8IAh,1,0,0,1,0,0,1,0,0,0
gMvpGAv4,2,0,1,0,0,0,0,1,0,0
Kz4OyPVz,0,0,0,0,0,2,1,0,0,0
2ZMEUHAD,2,0,0,1,1,0,0,0,0,0
isPl8o5N,0,0,0,0,0,0,0,0,0,0
31RinIfB,1,0,0,0,0,6,3,1,0,0
NIObmw91,0,0,2,0,1,0,0,0,0,0
3FEtFNDk,1,1,0,0,0,1,0,0,0,0
zEL6XJqc,0,1,0,0,0,0,2,2,0,0
u8I5xtKj,1,0,0,0,0,0,0,0,0,0
WkHVD5RQ,0,0,0,0,0,2,1,0,1,0
VzW3T3FD,2,1,3,0,0,0,0,0,0,0
XchiKeeE,1,1,0,0,0,0,1,1,1,0
X2xWg8Eh,1,0,1,0,0,1,0,0,2,0
9WS062ls,0,1,0,1,0,0,3,2,3,0
eqH7SNV6,4,0,0,0,0,0,0,0,0,0
ALKdOKGe,0,1,1,0,0,2,0,0,0,0
BAhSJwov,0,0,0,0,0,0,0,0,0,0
Hxwch1O5,0,0,0,1,0,0,0,0,0,0
1jZpZ1er,0,1,1,1,0,0,1,1,3,0
Ywxx7MUR,1,0,0,0,0,0,0,0,0,0
mcn4i5MS,1,3,0,1,1,4,4,0,0,0
WytttTo2,1,0,2,0,0,0,0,1,0,0
aWtRsZWV,3,1,0,0,0,0,1,0,1,0
quaeoyEm,1,1,1,0,0,1,0,0,0,0
O547n5mr,1,1,0,0,1,0,0,0,3,0
VMAbASYQ,0,0,0,0,0,3,0,0,0,0
oqtgpLAT,0,0,0,0,0,0,0,0,0,0
H1TzxLDs,0,0,0,0,0,0,0,0,0,0
i57WJtWX,0,0,0,0,0,0,0,0,0,0
Sk6nXeY9,0,0,0,0,0,0,0,0,0,0
GaDGUAHD,0,0,0,0,0,0,0,0,0,0
lHBGaSN8,0,0,0,0,0,0,0,0,1,0
E4HNncYT,1,1,1,0,0,6,1,2,0,0
Zur6hlin,0,0,0,0,0,1,2,0,1,0
evNzGgqp,0,0,2,0,0,2,1,0,1,0
Xji3CxXQ,0,4,1,0,0,2,0,0,1,0
TwAm7gc0,2,1,0,1,2,0,0,0,0,0
O9xx7w82,1,1,0,0,1,0,1,1,0,0
irM6XnGZ,1,0,1,1,0,0,1,0,0,0
pSi9fyNO,0,1,0,2,0,0,1,1,1,0
Auj1f1BZ,2,0,0,1,0,0,0,0,1,1
odVHWnul,0,1,0,0,0,0,0,0,0,0
igDqApZc,2,0,0,1,0,0,0,1,0,0
bvsy4P71,2,0,0,1,0,6,2,2,0,1
ZtbHcInE,1,1,0,0,0,1,0,1,0,0
fSCUKQCP,0,1,0,0,1,1,1,0,0,0
W81HEgZC,0,1,0,0,0,0,0,0,0,0
gycYDRUv,0,1,0,1,0,1,0,1,1,0
KUe2dIjx,7,0,0,0,0,2,2,1,0,0
OQhjrndW,1,2,0,0,0,0,0,0,0,0
6WDaI0WA,0,0,0,0,0,3,0,1,0,0
obQpehrf,0,0,0,0,0,0,0,1,0,0
dQsOJ1zI,1,0,1,0,0,0,0,0,2,0
bkpFxaEP,0,0,0,0,0,1,0,0,0,0
dbpzj7I4,0,0,0,0,0,0,0,2,0,0
BOhEztDn,0,0,0,0,0,0,0,0,1,0
zqEb07zh,0,0,0,0,0,1,5,0,0,0
fBQl4cIp,3,1,0,1,0,1,1,1,0,0
bH1TYspN,0,2,0,0,0,4,2,1,0,0
tnO2RBiK,1,0,1,0,0,0,0,0,0,0
x2QXpRa5,1,0,0,0,0,0,0,0,0,0
XDC7SVnN,0,0,0,0,0,0,0,0,0,0
J9INlB3l,0,0,0,0,0,0,2,1,0,0
UZUli3Vs,9,1,0,1,0,0,1,0,0,0
Q8E30KvQ,0,1,0,1,1,0,3,0,0,2
exy1JvCv,2,0,2,1,0,1,0,0,0,0
LFmOpwY8,1,0,0,0,0,0,0,0,0,0
CJUDtYGJ,0,0,0,0,0,0,0,0,1,0
PTunaJcF,3,1,0,0,1,8,0,0,0,0
4z7I4Jqd,1,1,0,0,0,3,1,0,0,0
MrvBBiOO,0,0,2,1,0,1,0,0,0,0
GsTO1eC9,2,0,0,0,1,0,0,0,0,0
wt2C0SSp,0,0,0,0,0,0,0,0,1,0
GgVTJg80,0,0,0,0,0,0,0,0,0,0
6X2noost,6,0,0,2,0,0,0,0,0,0
4zmAR2ZY,0,0,0,0,0,0,0,0,1,0
XGIBgBNh,2,1,0,0,0,0,0,0,0,0
9JdVddr4,0,2,0,0,0,4,5,1,0,0
ibC65P3o,1,0,0,0,0,1,1,0,1,2
coupfhAK,0,0,0,0,0,0,0,0,0,0
lstLmOt6,6,0,0,0,0,2,2,0,0,0
3StXjFQI,0,0,0,1,0,0,0,0,0,0
LAMLhK9L,0,0,0,0,0,0,0,0,0,0
e1cVpVPr,1,4,0,0,0,0,4,0,0,1
rsfvTuLg,0,0,0,0,0,0,0,0,0,0
Mw6aBCVh,0,0,0,1,0,1,0,1,0,0
72mv2vQo,6,0,1,0,0,1,0,0,1,0
J2ESGo8s,1,0,0,1,0,0,0,0,0,0
VO9u0TxL,0,0,1,0,0,0,0,0,0,0
1ssETuU1,4,5,0,1,2,0,5,0,1,0
DNLZYnXB,0,0,0,7,0,0,0,0,0,0
fmDlVgbM,0,0,0,0,0,0,0,0,0,0
EmYQXjMH,0,0,0,0,0,0,0,0,0,0
3VInK8ny,5,0,0,0,0,6,0,2,0,1
jBD7NwpM,5,2,0,1,0,0,0,0,0,0
ZVzepJfe,2,0,0,0,0,1,0,0,0,0
a2B5jAx2,1,1,1,2,0,1,1,0,1,0
lYNkZYsF,1,3,0,0,0,0,3,0,0,1
6zHRFexr,2,0,1,0,0,2,0,0,1,0
zCZZSOZm,1,2,0,1,1,0,0,2,0,0
sXpaxl9a,6,1,1,0,0,2,0,0,1,0
rpZXYp5R,3,1,3,0,1,0,0,0,0,0
RlqZ6ZBu,0,2,0,0,0,2,0,0,0,0
ibUpMfIN,0,0,0,0,0,1,0,0,1,0
7Y6SH63q,0,6,1,0,0,1,1,0,0,0
x7dFRrAn,0,0,0,0,0,0,0,0,3,0
1dBPM401,0,0,0,0,0,1,2,0,1,0
eNpD2V94,5,0,0,1,0,8,0,0,1,0
aKbzrNo7,0,1,0,0,0,1,0,0,0,0
11SMLajq,2,0,0,0,0,0,0,0,0,0
NdManTys,1,0,1,0,0,1,1,0,4,1
LJfZfDzC,0,0,0,0,0,1,0,0,0,0
kC6sZkO3,0,0,1,0,1,0,0,0,1,0
fWFOawn3,1,0,1,3,1,0,0,0,0,0
e825T1Vg,1,0,0,1,0,0,0,0,0,0
CG5gQfsX,5,0,0,1,0,0,0,0,0,0
ALOYo2MM,4,0,0,1,0,2,0,0,0,0
mv7PtZeB,1,4,2,1,0,0,4,0,0,0
8hM6UJkL,0,0,0,0,0,0,0,0,0,0
wwB9eWAI,2,0,0,1,0,1,0,0,0,0
N7V98xGm,3,0,0,0,0,2,0,1,0,0
nEueTv2y,3,0,0,0,0,0,0,0,0,0
t6grA9qm,0,1,1,0,0,2,3,0,0,1
sfae1pAB,1,3,0,0,0,0,4,1,0,0
tELouqpd,1,0,0,0,0,5,0,0,0,2
GQCefTk3,0,0,1,0,0,0,0,1,0,0
t7Hcp6nS,3,1,2,1,0,0,0,0,0,0
XdMmdhz2,0,0,0,0,0,0,1,0,0,0
5Ibr1ZJZ,0,0,0,0,0,0,1,0,1,0
Iee1lHW6,0,0,0,0,0,0,0,0,0,0
xxYfY3I2,0,1,3,0,0,1,2,0,1,0
R4jr5aVX,1,0,0,0,0,5,0,0,1,0
EqjayWlO,1,0,0,0,0,1,0,0,0,0
gZeLgN85,1,0,1,0,0,0,0,0,0,0
dT5EYRmU,1,0,1,0,0,0,0,0,0,0
RPtlvcnc,3,5,2,0,0,2,0,2,0,0
a8ceXtau,0,0,0,0,0,0,0,0,0,0
W9LZcTQ7,0,0,0,0,0,0,0,0,0,0
PbRhOilD,0,0,0,0,0,0,0,0,0,0
xU9NFOe5,0,0,1,0,0,0,0,0,0,0
SY2pofgX,0,0,0,0,0,0,0,0,0,0
HWzjXI2V,0,0,1,0,0,0,0,1,0,0
46pr83Hm,0,0,0,0,0,0,0,0,0,0
hACWclnA,6,0,1,0,0,1,1,1,0,0
Gfj3FYCa,0,0,0,1,0,0,0,1,0,0
XUXfAQAP,1,0,0,3,0,1,1,1,0,0
fRX0hAP1,0,0,0,0,1,6,1,1,0,0
p2OjXgwp,0,0,0,0,0,2,0,0,0,0
tYKLFVaF,0,0,0,0,0,1,1,0,0,0
pfPlsmPN,0,0,1,0,0,0,5,0,0,0
tgfISEn0,1,1,2,0,1,5,0,0,0,2
gOSIkRNd,2,2,0,1,0,0,1,0,1,0
1BO03WxI,4,3,2,0,0,0,0,0,5,1
00U5XfWR,0,3,1,0,1,1,0,0,0,0
zYnBACyi,2,1,0,0,0,0,0,0,0,0
Adi8vpxT,0,0,0,0,0,0,0,0,0,0
gP6IzQWz,0,0,0,0,0,1,0,0,0,0
T7pTzU32,1,0,0,0,0,0,3,0,0,0
A18jnyBg,0,0,1,0,0,1,0,0,0,0
5zcTupFx,0,0,0,0,0,1,0,0,0,0
f0KJ05Rg,0,0,0,0,0,0,0,0,0,0
964Zbye6,2,11,0,1,0,0,2,0,0,0
5XkMr9AU,0,4,0,0,0,2,12,1,1,0
RKmM712Y,0,0,0,0,0,1,0,0,1,0
nqzoTBoF,1,1,0,0,0,1,0,0,0,0
5IRpnmI9,0,0,0,1,0,0,0,0,0,0
5di6i1Ec,0,0,0,0,0,5,2,1,0,0
q6YcOHsl,0,0,0,0,0,4,2,4,0,0
2mEYJJ3F,4,2,0,1,0,1,0,0,0,1
Uh2LX29y,0,0,1,0,0,0,0,1,0,0
fBB2Vknn,1,0,1,0,0,1,1,1,1,2
WxQDeAeh,5,2,0,0,1,0,1,0,1,0
6HPYupl6,1,0,1,0,0,4,0,1,0,0
ZfAlcYfw,0,0,1,0,0,2,0,0,0,0
Lh2AxDxY,3,0,0,0,0,0,0,0,0,0
6qn643hb,0,0,0,0,0,1,0,0,0,0
9zrTx0Sv,0,0,0,0,0,4,0,1,0,0
heaPtg31,1,0,0,0,0,2,0,1,1,0
x9OHvthB,0,1,1,0,0,0,0,0,0,0
ayiO9Eu7,0,0,0,0,0,0,0,0,0,0
x2tz13v3,0,0,0,0,0,0,0,0,0,0
bv8NiZh2,1,0,0,0,0,0,0,1,0,0
yQnuQtaX,0,1,1,2,0,0,0,0,0,0
irokBmKB,0,0,2,1,0,0,0,0,0,0
FVBn7vyr,3,5,1,6,2,0,0,1,0,0
hQ8aNhIk,0,0,0,0,0,0,0,0,0,0
eniLoBkP,1,0,0,0,0,2,0,1,0,0
Oc81feUC,0,0,0,0,0,0,0,0,0,0
1TeSOscb,0,2,0,0,0,0,1,0,0,1
wovzlYWL,0,3,0,2,0,1,2,0,0,0
jq4C3qnf,3,1,1,1,0,0,1,0,0,0
QO1r9Llg,0,0,0,0,0,0,0,0,0,0
jYO5bm4f,2,3,1,1,1,0,6,0,0,0
r6SxrzOM,3,0,0,0,0,0,0,0,0,0
2F1s1g2O,0,0,0,0,0,1,0,0,0,0
0anuG3X2,0,0,1,0,0,2,0,1,1,0
j9BPp1We,3,0,2,1,0,0,0,0,0,0
uAM0hTa9,0,0,0,0,0,0,0,1,0,0
sIc5yOEw,0,0,0,0,0,3,2,2,0,0
T6HOSKag,4,0,1,2,0,0,1,0,0,0
lYNQp68w,0,0,0,0,0,1,2,2,2,0
GepCEvCv,0,0,0,0,0,0,0,0,0,0
jUKTx6lj,1,0,0,1,0,0,0,0,0,0
Xcq0KFLj,0,0,0,0,0,0,0,0,0,0
1a3xY5JH,2,1,0,1,0,0,0,0,0,0
hx4HFRuq,5,2,0,0,0,0,0,0,0,0
tHJF1Smp,0,1,1,0,0,0,1,0,0,0
I9RMLkBb,0,0,1,0,0,8,1,0,0,1
1lDmsyAj,1,0,0,1,0,0,2,0,2,0
KCdnUk6I,0,0,0,1,0,0,0,0,0,0
QJwJKsT7,0,0,0,0,0,1,0,0,0,0
yOSoSHMS,0,2,0,3,0,1,3,0,0,1
D8vtS8rX,0,2,2,1,2,1,0,0,0,0
hhIBCLRi,0,10,3,5,3,5,0,1,2,0
rwk9qRYr,0,0,0,0,0,0,0,2,0,0
CqCTnXqy,2,2,1,4,1,3,2,0,1,1
V69yU6nm,0,0,0,0,0,0,0,0,0,0
djSsqGkB,1,3,1,0,0,0,0,0,0,0
gk4OQqzx,1,0,0,0,0,0,0,0,0,0
HKXsuNxg,1,0,2,1,0,0,0,0,1,0
LvLHnpo2,0,0,0,0,0,0,0,1,0,0
Z8qyF0xO,0,0,0,0,0,0,0,0,0,0
sb488kJt,0,0,0,0,0,0,0,2,0,0
DUxzevA9,1,0,1,0,0,0,0,0,0,0
LwIjChL4,1,1,0,0,0,3,0,1,0,0
9jYlGSk8,0,1,0,0,0,0,0,0,0,0
laSb4SoO,1,0,0,4,0,1,1,0,0,0
IVXxGv6L,1,2,0,0,0,9,0,0,0,0
1o5KnUnt,0,0,0,0,0,0,0,0,0,0
cxoI4Pct,0,0,2,0,0,7,2,0,0,0
gCZZudVP,0,0,0,1,0,0,0,0,0,0
Pdok6MmX,1,1,0,3,2,0,0,1,0,0
5eapUlLa,0,0,1,0,0,1,0,0,0,0
rqMyzvC7,7,0,3,3,0,0,0,0,0,0
vYVkNYcC,0,1,2,0,1,0,2,1,1,1
TXalgslf,0,0,0,0,0,0,0,0,0,0
d53Mfnlg,0,5,0,0,1,0,0,0,1,0
lBN5c2I4,0,1,0,0,0,1,0,0,0,0
fYRek0FQ,0,0,3,0,0,4,0,0,2,1
I8F7ilPx,1,7,0,0,0,0,0,0,0,0
Drhh62nF,0,0,0,0,0,2,5,1,0,0
AaR3MmI1,0,0,0,0,0,1,0,0,0,0
OJfTEr3R,0,1,0,0,0,2,1,1,0,0
cZt6PIv1,0,0,0,1,0,0,0,0,0,0
ZVm8NeQd,0,0,0,0,0,4,2,0,0,0
gKOkncjg,0,0,0,0,0,0,0,0,0,0
dTPg5NEb,0,0,0,0,0,2,0,0,0,0
M2rUxWEL,0,0,0,0,0,0,0,0,0,0
QNczjn5j,1,0,0,0,0,0,0,2,0,0
fGgZuX6d,0,1,0,4,0,0,3,0,1,0
o5abAnGj,0,1,0,0,0,0,0,0,0,0
9EiFhpCa,0,0,0,0,0,0,0,0,0,0
nixfCdlF,1,0,0,0,0,0,0,0,0,0
5mgcv3dp,2,1,0,0,0,0,0,0,0,0
6V14t1FA,0,0,0,0,0,4,2,1,0,3
lpuqIHqf,1,0,0,0,0,5,0,0,0,0
1ZP10ZMh,1,1,1,1,0,0,0,0,0,0
PMOMxTUa,4,1,3,2,0,0,0,0,0,0
wYNAmaAv,0,0,0,0,0,0,0,0,0,0
aI2spnaT,0,0,0,0,0,0,0,1,0,0
Ll77UJFQ,0,0,0,0,0,0,0,0,1,0
9jCFnxBx,0,1,3,0,0,0,0,0,2,0
WryBJxtJ,0,0,0,0,0,0,0,0,1,0
e7cSl9wb,1,1,2,1,1,1,2,0,1,0
Mh7O5jsS,1,0,0,0,0,0,0,1,0,0
Szb5UxZG,1,0,0,2,0,0,0,0,1,0
En3sBjnR,1,0,0,0,0,4,1,1,0,0
3lks1e95,1,0,1,1,1,0,0,0,0,0
OZwkfdyE,0,0,1,0,0,1,4,4,2,0
rwR5lW5F,0,1,0,2,0,0,0,0,1,0
OJYNoMO6,0,0,0,0,0,0,0,0,1,0
KGjRWYky,0,0,0,0,0,0,0,0,0,0
hzglCIRS,0,0,2,1,0,0,0,2,0,0
vHpuDEkp,0,1,4,0,0,2,1,0,0,0
tplYFpiJ,0,0,1,0,0,0,0,0,0,0
UXaNvzF0,3,0,1,1,0,0,0,0,1,0
CX0batYA,0,0,0,0,0,0,0,0,0,0
jCO1rXVw,2,3,1,0,0,0,4,0,0,0
JvsGgAS3,0,0,0,0,0,2,0,1,0,0
UgVbIys3,0,0,0,0,0,1,0,0,0,0
cSBXVHdQ,1,2,1,0,1,0,1,0,0,0
siMiZ12l,2,1,0,0,0,0,0,0,0,0
35iGCYuL,0,0,0,0,1,0,0,0,0,0
Z81IRD96,0,0,0,0,0,1,2,2,0,0
jCT64uD9,5,1,2,1,1,3,0,0,1,0
xUkAWIcj,7,1,0,1,0,0,0,0,0,0
ycWRsfrp,0,5,0,0,0,2,0,0,0,1
Gajj2gDw,2,3,1,1,0,6,1,2,2,1
tIX5MbuH,0,0,0,0,0,1,0,1,3,0
1vU7PaI5,2,1,2,1,0,8,0,2,5,0
wupTszqX,1,0,0,0,0,0,1,0,0,0
7dRMfBdf,0,2,6,11,0,0,0,1,1,0
RQdR5C9B,0,0,0,0,0,2,0,1,1,0
o7SO8VBh,1,1,5,0,0,0,1,1,0,1
yuR72wH2,1,0,0,0,0,0,0,0,0,0
u8OnhTL2,0,0,0,0,0,0,0,0,0,0
0mmzpmrO,0,4,8,0,0,0,0,0,0,0
nT25v4Z5,1,0,0,0,0,0,0,1,0,0
MAo73cnu,0,1,0,0,0,0,0,0,0,0
HK7I4i1V,0,0,1,0,1,1,0,1,7,1
kPYBwmn1,1,0,0,2,0,0,0,0,0,0
xIE5fbfa,1,0,0,0,0,0,0,0,0,0
x4ZtTz1b,0,1,0,0,0,0,0,1,1,0
sKXmVvek,0,0,0,0,0,0,1,1,3,0
4Iudc8Xf,0,0,0,0,0,3,0,0,0,0
nK42JDdn,0,0,0,1,0,1,0,1,1,0
017TOm8r,0,0,1,0,0,0,1,1,0,0
BabVYPbC,1,0,0,0,0,2,0,0,0,0
wo7WsfSm,0,0,0,0,0,0,0,0,0,0
SLEivwRb,0,1,1,0,0,1,0,1,1,1
LzmJQ3Uf,0,1,0,0,0,5,0,0,2,1
rInbsgMg,1,1,2,0,1,0,0,0,0,0
WEQNdBpO,0,0,0,0,0,0,0,0,0,1
y3ZXTB21,4,0,0,0,1,2,0,0,0,0
U7fluGlf,0,0,0,0,0,4,1,1,0,0
6dayHjkN,1,6,4,2,0,0,0,0,0,0
AtpoKHVt,1,0,0,0,0,0,0,0,0,0
4DFqk04K,0,0,0,0,0,0,0,0,0,0
Y4RzZLsU,0,0,0,0,0,4,0,1,0,0
Z8mMd686,0,0,2,0,0,6,2,0,0,0
wFFoXOY3,0,0,0,0,0,1,1,2,0,0
k7BInVwF,0,0,1,0,0,1,1,3,0,0
ec2G2mJb,0,0,1,0,0,0,0,0,0,0
tWuXcgsX,0,0,0,0,0,1,4,0,4,0
HaFMfg3y,0,0,0,0,0,0,0,0,0,0
iGyJ5eym,4,2,0,0,1,0,0,0,0,0
Q3k0baGV,0,2,0,0,0,0,1,0,0,0
3jFlrCMl,3,2,0,1,0,0,0,0,0,0
ddF7iWZj,0,0,0,0,0,1,0,1,0,0
Vt7zthIC,0,0,0,0,0,0,0,0,0,0
nxEZmnmP,0,0,0,0,0,0,0,0,0,0
jFLOGcYt,0,0,0,0,0,1,0,1,0,0
dXdaDln8,0,0,0,0,0,1,0,0,0,0
Nt7yg5QR,0,0,0,0,0,1,0,0,0,0
shSpWSaq,2,3,1,0,0,0,6,2,0,0
Zjav3f8V,1,0,0,0,0,0,0,1,0,0
g3R4qRnh,0,0,1,1,0,0,0,0,0,0
dkLY7I5T,2,0,0,0,0,1,0,0,1,0
6SJDzcDZ,1,0,0,0,0,1,0,0,1,0
Q7zQcBvI,0,0,1,0,0,2,0,0,0,0
STGTaqPm,0,0,0,0,0,0,0,1,0,0
jwdF7jgM,3,0,0,1,0,1,5,0,0,0
LQIRsd5F,1,1,0,0,1,0,0,0,0,0
HfSXZPg6,1,0,0,1,0,0,0,0,0,0
5VLl0QaY,0,0,0,0,0,0,0,0,0,0
geN8lCjO,0,0,2,0,0,1,0,3,0,0
NnpGCJwJ,3,1,3,0,1,1,0,0,0,0
alGVMeDu,4,0,0,1,0,2,0,1,0,0
sH2BNrBF,0,0,0,1,0,0,0,0,1,0
cBytYqY0,3,0,1,2,0,1,0,0,0,0
DViAMFuS,1,0,0,0,0,0,0,1,1,0
CW9fNfai,1,0,0,0,0,7,3,0,0,0
0iqgQzNw,0,0,0,0,0,0,0,0,0,0
dzoux73Z,0,0,0,0,0,0,0,0,0,0
VZeunfKE,1,0,0,0,0,3,3,0,1,0
IPuR2Kpi,0,0,0,0,0,0,0,0,0,0
fwJ4tTIX,1,0,1,0,0,0,0,0,0,0
LLjB8bFu,0,0,0,0,0,0,0,0,0,0
pdnPDf6C,0,0,0,0,0,0,0,0,0,0
DJzJi7af,0,0,0,0,0,0,0,0,0,0
YXA8cITf,0,0,0,0,0,0,0,0,0,0
ziM6b4nA,0,0,0,0,0,1,1,0,0,0
zUWGAzJL,0,5,0,0,1,0,0,0,0,0
h6iFBxNZ,3,0,2,2,0,0,0,0,0,0
drwIxYno,0,0,0,2,0,0,0,0,0,0
Z4BkYUi0,0,0,1,1,0,0,0,3,0,0
dupAxGzD,0,3,0,0,0,1,3,1,1,1
TA921Amr,0,0,0,0,0,0,0,0,1,1
YaixJPU3,5,2,0,0,0,0,0,0,0,0
V4VXZCkh,0,0,0,0,0,5,0,0,0,0
ySpDwO6x,0,0,0,0,0,2,0,0,0,0
2zVxbW0l,0,0,0,0,0,0,0,0,0,0
lsEJ2YGX,1,0,0,0,0,0,0,0,0,0
ebjo0Bsh,6,0,1,0,0,1,1,0,0,0
86k23iR0,0,5,0,0,2,0,1,0,0,0
YYYCZYlh,0,0,0,0,0,1,0,0,0,0
0UTHxAfh,0,0,0,1,0,2,0,1,1,0
xT50mZgr,3,2,1,1,0,0,0,0,0,0
L99Fvth3,0,0,0,0,0,0,0,0,0,0
5gMOYeTW,0,0,0,1,0,0,0,0,0,0
I30ycuPP,1,0,0,0,0,0,0,0,0,0
y9yVPwwT,0,0,0,0,0,0,0,0,0,0
kNfZkfXg,0,0,0,0,0,0,0,0,0,0
WC3rVjyw,2,1,1,1,0,0,0,0,0,0
pWc6tgB9,1,0,0,1,0,0,1,0,0,0
DOQsbEpp,1,1,0,0,0,1,0,0,0,0
R1b9r4Ck,0,0,0,0,0,0,0,0,1,0
VfYjdvBB,0,0,0,1,0,3,0,0,0,0
LBMHRYbm,0,0,0,0,0,1,0,0,1,0
rGubqsdv,1,0,0,0,0,2,0,2,0,0
60yHQ9s0,0,2,1,0,0,0,0,1,0,0
IevynFGN,2,0,0,0,0,1,0,0,0,0
EbUhs03T,0,0,0,1,0,0,1,0,1,0
1V0SHfo0,0,0,0,0,0,0,0,0,0,0
tm65iUX0,0,1,1,0,0,0,0,0,0,0
PtVlBoFH,0,1,1,1,0,1,0,0,0,0
84FUf78S,1,0,1,0,0,0,0,0,0,0
u0XhkpIo,1,0,0,0,0,0,0,0,1,0
VekNqr61,0,0,0,3,0,0,0,0,1,0
qSEBn07K,0,1,0,0,0,1,0,0,0,0
lYcgeXP2,1,0,1,2,0,0,1,0,0,0
HcbTt0Nk,0,0,0,0,0,8,0,2,0,1
iTalJED0,10,2,0,0,0,0,1,0,1,1
FD8Kxdrx,0,1,0,0,0,0,5,1,0,0
VVzA7ny1,0,0,0,0,0,0,0,0,0,0
Ld267Hpf,2,0,0,0,0,1,0,0,0,0
hRhAcYya,0,0,0,0,0,4,1,0,1,0
rO1PocHv,0,0,0,0,0,3,2,0,0,5
47ZNqRqW,0,0,3,0,0,0,0,0,0,0
gjwTv56S,0,1,0,0,0,0,2,0,1,0
Oahgo5fa,0,0,0,0,0,0,1,0,0,0
xY2xmKgx,2,1,1,1,0,1,0,1,1,0
9oBmfF2N,0,0,0,0,0,1,4,0,0,0
P9CAJTOF,0,2,0,0,0,1,0,0,0,0
rShe7Gxn,0,0,0,0,0,0,0,0,0,0
GL4Ewazg,0,0,0,0,0,1,0,0,0,0
QX7jbI4a,1,1,0,0,0,0,1,0,0,0
alda7aRJ,4,0,1,1,1,0,0,0,2,0
3sVinpE0,0,1,0,0,0,9,1,0,0,0
3R7Ht7CA,0,0,0,0,0,0,0,0,0,0
HHGxXfZd,0,0,0,0,0,0,3,0,0,0
tWbO7Rma,1,2,0,1,0,1,0,1,0,0
XLRMv5Wp,1,3,0,2,0,3,4,0,1,2
5yhasxpR,0,0,0,0,0,0,0,0,0,0
4PWdbqhc,1,1,1,2,0,0,4,0,2,1
nU6K7gHT,3,0,0,1,0,0,0,0,0,0
fUOPgwBH,0,1,0,0,2,3,3,1,0,2
WZa57bLR,0,4,0,0,0,0,1,0,2,0
V4jMyOv7,0,0,1,0,0,1,0,0,0,0
lLhm1Ro1,0,0,0,0,0,0,0,0,0,0
NcFMFEUL,0,0,0,0,0,0,0,0,0,0
W18uT1lj,1,0,0,0,0,0,0,1,1,0
oSQlUbS5,1,0,0,2,0,0,0,0,0,0
NF8AuNik,0,1,1,0,0,1,3,0,0,0
dBknWJft,0,0,0,0,0,0,0,0,0,0
SIOXVAhD,0,0,0,0,0,1,1,0,0,0
4BtxS1Au,0,1,0,0,0,0,2,0,0,0
k8U4cky8,0,0,0,0,0,0,0,0,0,0
WZKs2Ciq,1,0,0,0,0,0,2,0,0,0
55t9oty9,2,0,0,0,0,2,1,1,0,0
4TjinTA3,1,0,1,0,0,0,0,0,1,0
YUzBWky8,0,3,0,0,0,3,10,1,1,0
64ArSrkz,2,0,0,0,0,0,0,0,0,0
ZDC89CEl,0,0,0,0,0,0,0,0,0,0
YvZnPEYo,0,0,0,0,0,0,0,0,0,0
vCBmq0rl,0,0,0,0,0,0,0,0,0,0
zuP3pMR1,2,1,0,1,0,1,1,0,0,0
BhVdNZh2,1,0,0,0,0,0,1,0,0,0
08WRgQn2,0,0,0,0,0,0,0,0,0,0
Ak0HS9Xe,1,1,0,3,1,1,0,2,2,0
WCRSyAVK,1,0,0,0,0,3,0,0,0,0
exeMXTtH,0,0,0,0,0,1,0,0,0,0
eZpKZjCe,0,0,1,0,0,1,1,2,0,0
eEod6ij3,0,0,1,2,0,1,0,0,0,0
G76cDNAw,0,0,0,0,0,0,1,0,0,0
v4HHKgJ4,0,0,0,0,0,0,0,1,0,0
G4Z1zFRS,0,0,0,1,0,0,0,0,0,0
DxvJIVx5,0,0,0,0,0,2,0,0,0,1
SIf5fGcP,2,0,0,1,0,0,0,0,0,0
vvl6I6o2,1,3,1,1,0,0,4,0,2,0
NRLwWJCx,0,0,0,0,0,8,3,1,1,2
xrghN3Zv,0,0,0,0,0,0,0,0,1,0
KcmBp2p4,0,0,0,0,0,0,0,0,0,0
AbtyjXgN,0,1,0,0,0,0,0,0,1,0
zSfRynJn,1,0,0,0,0,0,1,0,0,0
K4mBJufz,0,0,0,0,0,0,1,0,0,0
pef6ZTmr,0,0,3,0,0,0,0,0,0,0
xpxEAjuL,3,5,1,2,1,0,0,0,0,0
wRYpitP6,1,0,0,0,0,0,0,0,0,0
OYOLRhUu,1,5,0,0,1,0,0,1,0,0
XIu4zolI,0,0,0,1,0,4,0,0,0,0
pPDfvGKP,2,0,0,0,2,0,0,0,0,0
2NHzPEWY,0,0,0,0,0,5,0,0,1,0
rO2hETHX,0,0,0,0,0,0,0,0,0,0
ISw4EMqd,1,3,3,0,1,1,4,1,0,0
9farYW3R,0,0,0,0,0,0,0,1,1,1
7bt1npTn,0,0,7,0,0,2,2,1,0,1
t09rM1S7,1,0,1,0,0,0,1,0,0,0
rQNkeNrg,0,0,0,0,0,0,2,0,0,0
zpSQHdRZ,0,1,0,0,0,1,0,0,0,0
mDvqhykL,0,0,0,1,0,0,3,0,3,0
VAnEuDMr,0,0,0,0,0,1,0,1,1,0
DOcw0Uzy,0,0,1,0,0,1,0,0,1,0
Mq87qxLq,0,0,0,0,0,2,1,1,2,0
iEXkcrLt,5,0,0,1,0,0,0,0,1,0
FeR0rMYp,0,0,2,1,0,1,0,0,0,0
pfKSjuTL,4,0,0,0,0,0,0,0,2,0
2Hss6bmB,0,0,1,1,0,0,1,0,1,0
QlwHMa1M,0,0,0,0,0,0,1,0,1,0
cgs0vF16,9,5,0,1,1,1,0,0,0,0
WxgQmJiT,0,0,0,0,0,1,0,0,0,0
auv4BcD9,2,1,0,1,0,0,0,1,0,0
1LZTVEVs,0,0,0,0,0,1,0,0,1,0
y58ShLw3,4,0,3,0,1,0,0,0,0,0
W1KkAlWG,0,2,2,1,1,1,0,0,0,0
pH2rOPxq,0,0,0,0,0,0,0,0,0,0
C1M7zkJs,1,0,0,0,0,0,1,1,0,0
hi3eYLUl,0,0,0,0,0,3,0,0,0,0
R4S0TGt9,0,0,1,0,0,0,1,2,0,0
VtDV8FJ4,0,1,0,0,0,1,0,1,0,0
MDYVmhkW,0,0,0,1,0,0,2,0,0,0
mpP5g3yr,1,0,0,0,0,4,2,2,0,1
1tcVQEEQ,0,0,0,0,0,1,0,0,0,0
aAHBTPKO,1,0,0,0,0,0,0,0,0,0
CoWKOkRj,0,0,0,0,0,3,1,4,0,0
pQAsWzTl,3,2,1,2,0,0,0,1,0,0
L8AcVVw0,12,3,2,0,0,1,0,0,1,0
VKw1d0zg,1,0,0,0,0,0,0,0,0,0
mIbr5HiA,1,3,3,0,0,0,0,0,0,0
pHV7R0eR,3,0,0,0,0,0,1,0,0,0
ilYzwYhL,2,8,0,1,0,1,2,0,0,0
ZO0JvicB,1,2,0,3,0,0,2,2,0,1
XZploafq,8,1,0,0,0,3,0,1,0,0
zgDouhbB,0,0,0,0,0,0,0,0,1,0
g5Hy44zK,0,0,0,4,1,4,1,1,0,0
OIv9LJNv,0,0,0,0,0,1,0,0,0,0
NXWRoCx7,6,0,0,0,0,4,0,1,0,3
RK6WLls8,0,1,1,0,0,0,0,1,0,0
l4Z0gut7,0,0,0,0,0,4,0,0,0,0
ws2jeB4d,1,0,0,0,0,0,0,0,0,0
u5ja8xnK,0,1,0,0,0,0,0,0,0,0
AOLpPkP0,1,0,0,0,0,1,0,0,0,0
WkWSudmq,0,0,0,0,0,3,0,0,0,0
VMkibLL4,2,2,0,0,0,0,0,1,0,0
9z2LL94u,1,1,1,0,0,0,3,2,0,0
QUBgZNC4,0,0,0,0,0,1,0,5,0,0
ajspIqpB,1,0,1,1,0,0,1,0,0,0
4mr0YJi2,0,0,0,0,0,3,1,2,0,0
WC4QwITc,0,0,0,1,0,0,0,0,0,0
4ihdUZrP,1,0,0,0,0,0,0,0,0,0
6x62vE2f,0,5,0,0,0,0,2,2,0,2
mVGAIKm2,0,0,0,0,0,1,3,0,0,0
TTzBqWaS,0,0,0,0,0,0,0,0,0,0
tYkDI1uH,0,3,1,1,0,0,1,0,0,0
LknUtoF9,0,0,2,0,0,0,0,0,0,0
y7WxWZOZ,2,1,0,0,1,0,0,0,0,0
yM1uVCu8,1,1,1,0,1,0,6,0,0,0
MR5PVBBS,0,0,0,0,1,6,2,0,0,0
83kw8I7D,0,0,1,1,0,0,1,0,2,0
Q8Dp1287,0,0,0,0,0,0,0,0,0,0
az9drFk2,10,5,1,0,0,0,2,0,0,0
e0XkAdF3,0,0,0,1,0,1,0,2,1,0
5BHjs0Tn,3,6,0,0,1,0,2,0,0,0
zjtlhgtM,0,0,0,0,0,0,0,0,0,0
jnWPytyY,0,2,0,0,0,1,7,0,0,0
fXgLgDVd,1,0,0,0,0,2,2,2,0,0
wWjiGhpr,1,0,0,0,0,1,0,0,0,0
KyFAhP6H,0,5,0,0,0,2,1,0,1,1
DglaRPHt,0,0,0,0,0,0,0,0,0,0
lFor8ugu,0,4,0,0,1,0,2,0,0,0
5hMQtEm2,0,1,1,0,0,0,0,2,0,0
lNcgryNC,0,2,3,0,0,0,0,1,0,0
gNSESMlx,1,0,0,2,0,0,0,0,0,0
sQRvIYDq,0,2,1,5,0,1,1,1,1,0
wPTrUoUt,0,0,0,0,0,0,0,0,0,0
srxUzRHG,0,1,1,0,0,6,1,0,1,2
83Pa1yYX,3,2,1,0,0,0,0,0,0,0
gL269OIU,3,0,0,0,0,2,2,1,0,3
5G1LKUGm,1,1,2,0,0,0,0,0,0,0
FSjB5FSG,8,0,0,0,0,6,2,0,4,1
AQ2wvEV4,1,0,1,1,1,1,0,0,0,0
WJHkhgiL,1,0,0,1,1,1,4,0,1,1
ye6tuB72,0,0,0,0,0,1,0,0,0,0
9XhsGXWA,1,0,0,0,0,1,1,1,0,0
rfm3nHlF,2,2,2,1,1,0,0,0,0,0
BKpQo5gS,0,0,1,0,0,0,0,0,0,0
GQr0mFiS,0,2,1,0,0,3,3,0,1,0
0RsRUOBu,0,0,0,0,0,0,0,0,0,0
h3uVkdCe,0,0,2,0,0,1,1,0,0,0
W5CFJDZB,0,0,0,0,0,0,0,0,0,0
HXDOu4AT,0,0,0,0,0,1,0,0,0,0
eoXOK9bV,0,0,2,0,0,0,0,0,0,0
RIQf5O1H,0,0,0,0,0,0,0,0,0,0
HKIOHFXa,1,0,0,0,0,0,0,0,0,0
J3NSOs1A,0,4,0,2,0,0,0,1,0,0
hIB7sIMU,0,2,2,1,0,2,5,0,0,0
2H1DQ1EZ,3,0,2,2,1,0,0,0,0,0
xg6vDlhm,0,1,0,0,0,0,0,0,0,0
3aqeEg86,0,0,0,0,0,0,0,0,0,0
70F6lXTZ,2,0,0,0,0,4,1,0,2,1
ykwxjDw5,0,6,0,2,0,2,6,1,1,0
yOcDQ5wb,0,1,0,7,1,4,0,0,0,1
4AjFj3rD,0,0,0,0,0,0,0,0,0,0
KFhjfoSN,0,0,0,0,0,0,0,0,0,0
wPCXRQ4p,0,3,2,1,1,0,7,1,0,2
GyuZIDwE,1,0,1,2,0,0,2,1,0,0
M8mST65z,2,4,1,2,0,0,0,0,0,0
5XPawhwj,0,0,0,1,0,0,0,0,0,0
TGcNYuTu,0,0,0,0,0,1,0,1,0,0
MVO9VvWk,0,0,2,5,1,0,1,1,2,5
HRuQ9KIO,4,1,3,1,0,0,0,0,0,0
XVjTm4bb,1,0,0,0,0,0,0,0,0,0
cAefJets,0,0,0,0,0,4,0,2,0,1
SQ6cyubf,0,2,0,0,0,1,1,0,0,0
7Xi9iQ7b,0,0,2,0,0,0,2,0,0,0
2nSCCKcx,0,0,0,0,0,0,0,0,1,0
5nlZeoRQ,5,1,0,0,0,0,0,0,0,0
ekTzq18W,1,0,0,0,0,0,0,0,0,0
L7f0cg78,4,2,1,0,0,0,0,0,0,0
k4x6IxNp,0,0,0,0,0,0,0,0,0,0
doo7zOfF,0,3,0,0,1,0,7,1,1,0
z24wE5vM,0,0,0,0,0,0,0,0,0,0
llG9Mkds,7,1,0,0,0,0,0,0,0,0
RHRlnINS,1,0,0,0,0,0,1,0,0,0
fo4ohSIA,1,0,0,0,0,0,0,0,0,0
aeCDOkrA,0,0,0,0,0,0,0,0,1,0
OzvkoOOf,2,0,0,1,0,0,1,0,0,0
ndspmHGz,2,3,0,1,1,0,0,0,1,0
XpdZ9adM,0,3,0,0,1,0,1,0,0,0
eiSpdvZG,2,2,0,0,1,0,13,1,1,1
gLTehHsW,0,0,1,3,0,4,4,0,0,0
pjMzFTPh,0,0,0,0,0,0,1,2,0,0
lusp1Qmv,0,0,0,0,0,0,1,1,0,0
EILSHwPa,0,0,2,0,0,3,0,0,0,0
KREXbOS3,5,0,0,0,0,0,0,3,1,0
0MIxumgv,2,0,0,0,0,0,0,0,0,0
DwnKaUvy,0,0,0,1,0,0,0,0,0,0
PXkVoe6R,0,3,2,0,2,1,1,0,0,0
C3UYE2HE,0,0,0,0,0,2,5,0,0,0
lcGPl2Xx,3,0,0,1,0,1,0,0,1,0
asiBosTc,0,0,0,0,0,0,1,3,0,0
EZlrDDO8,0,0,0,0,0,0,1,4,0,0
s8ZpdhUK,0,2,3,0,3,1,0,0,0,0
YeONbwy5,4,0,1,3,0,1,0,0,0,0
pZbl5KeF,0,0,0,0,0,0,3,0,0,0
DI4RfU2G,5,0,1,1,0,2,1,0,0,0
PYrnR4Hh,0,1,1,0,0,0,1,1,0,0
4O7DNzLk,1,0,1,0,0,0,0,0,0,0
Fe5mhLEP,0,3,2,0,0,0,5,1,0,0
YTXkuoW6,0,1,0,0,0,4,1,0,0,0
9YyoBfdo,0,0,2,0,0,1,1,0,0,0
J7zYsED0,0,0,1,0,0,0,3,1,2,0
3Tk2vEeF,2,0,0,0,0,0,0,0,0,0
5O6D13Gd,0,6,1,0,0,0,1,1,0,0
dChA5HtE,0,0,1,0,0,2,1,0,0,0
hyYcx8U4,0,0,0,0,0,0,0,0,0,0
LP2ITb4n,1,9,0,0,0,0,1,0,0,0
UDC3yUoY,0,0,0,0,0,0,0,0,0,0
9w494Pih,0,0,0,0,0,0,0,0,0,0
PurLiEXF,0,0,2,0,0,9,3,1,2,0
kjcwx8Ag,3,0,0,0,1,4,0,1,0,3
ZKEyK1sk,6,0,0,0,0,2,10,0,0,0
iavpNBGh,6,5,1,0,0,0,0,0,1,0
bC4sirpI,1,0,0,3,0,0,0,0,0,0
lXScTSyd,1,0,0,1,0,3,1,0,0,0
JJ5Y3m36,0,2,3,0,1,10,2,0,0,0
poR9I5kY,2,0,0,0,0,1,0,0,1,0
atlN9DEm,7,0,0,0,0,1,0,0,0,0
A3mIn2f4,1,0,0,0,0,0,1,2,0,0
R9okcVPk,0,0,0,0,0,0,0,1,0,0
ZQxyuw8A,1,2,0,0,0,0,0,1,0,0
qsSbqKrm,1,0,1,0,0,1,0,0,0,1
6L0FBnmi,0,5,0,2,0,2,2,1,0,1
AUDTXexH,1,0,0,1,0,1,1,0,0,0
axDwSVwe,3,0,0,0,0,1,0,1,0,0
Fp9aWzH3,3,0,0,0,0,10,0,0,3,0
btUzOxZ8,6,6,1,2,1,0,0,0,0,0
k7pXSZIh,1,0,1,0,0,1,0,0,0,0
mqFbFMYa,0,0,0,0,0,0,0,0,1,0
V5dq42Du,0,3,0,1,0,1,1,2,2,0
PjxBMUFL,1,2,2,0,0,0,0,0,0,0
j6gTYS9T,0,0,0,0,1,2,1,0,1,0
IwBRqTDJ,1,0,2,0,0,0,0,0,0,0
kTZI8xpU,0,0,0,0,0,2,0,2,0,0
EMOMEcL8,1,0,0,0,0,1,0,0,0,0
EeyF40FX,1,1,1,0,0,0,11,1,0,1
7oFPkC3R,4,0,2,0,0,0,0,1,0,0
hK1FrwV5,1,1,0,0,0,2,1,0,0,0
HWbJC3uz,0,0,2,0,0,1,0,1,0,0
HqHjQgag,2,0,1,0,0,6,1,0,0,0
i5SgORe2,0,0,1,0,0,1,0,2,0,0
YuKIZHS9,6,2,0,0,1,1,0,0,0,0
wipxq24s,1,1,0,1,0,0,0,0,0,0
e2wvNyrI,0,2,1,0,0,1,0,0,0,0
JFzpMInw,0,0,0,0,0,0,0,0,1,0
0H4EJ2ha,0,0,1,0,0,1,0,0,2,0
OUK5qN3Y,0,0,0,0,0,0,0,0,0,0
iexjA3qU,0,0,0,0,0,1,1,0,0,0
bxapJn4u,0,1,3,1,2,4,1,1,0,0
TqUNMdbP,0,0,0,0,0,0,0,0,0,0
CjuTV8zQ,0,0,0,0,0,0,1,1,1,0
Oo4pDY5X,0,0,0,0,0,0,0,0,0,0
YsWSMyGz,5,5,3,0,0,2,0,1,0,0
dyR92Xa1,0,14,0,0,0,0,1,0,0,0
sZMZbADs,0,0,0,1,1,0,1,0,0,0
a5cnbAhJ,0,0,1,1,0,2,1,0,1,1
bOp2oO2H,0,0,0,0,0,0,1,1,0,0
hmVWsGHk,2,1,0,3,0,1,0,0,2,0
R3DaCM5U,0,0,0,0,0,3,0,2,2,0
NVFNHyA8,1,0,3,0,0,0,0,0,0,0
rFW7mS6h,0,0,1,0,0,1,1,4,0,1
QtaiFJDB,0,0,0,0,0,2,2,0,0,0
uWFNB7eR,0,0,0,0,0,0,0,0,0,0
zKAUcPkV,0,1,0,0,1,0,0,1,0,2
f1M2omVE,1,0,0,0,0,0,0,2,2,0
LxYzrz7m,1,0,0,0,0,0,0,0,0,0
3JXRepu5,0,2,0,0,0,0,0,0,0,0
3WBTvCvz,1,0,1,0,0,0,0,0,0,0
galF117g,0,0,0,0,0,0,0,0,0,0
IQaJ1sKl,0,3,0,0,0,0,0,1,3,0
xdE9CjSn,0,1,0,1,1,0,0,2,0,0
FLZP5zKy,2,0,0,0,1,2,2,1,1,2
lQNvLLXf,0,0,0,0,1,0,0,0,0,0
E0yXWe2Q,0,1,0,0,0,7,1,0,0,0
bqD8hNCj,1,0,0,0,4,0,1,1,0,0
zxbjx7tJ,0,0,1,0,0,1,0,2,0,0
j9QVaNdr,4,0,2,0,0,1,2,0,0,0
HXBCCAP6,1,0,0,0,0,0,0,1,0,0
777QtjJf,2,5,0,0,0,1,1,0,0,1
pmyHZeOK,0,0,0,0,0,0,0,0,0,0
VwXaDGtY,0,0,0,0,0,1,0,0,1,0
xeKM3SsY,0,2,0,2,0,1,3,0,1,0
g29VaeXc,0,1,1,0,0,0,0,0,0,0
lypMg7BL,1,1,0,0,0,0,0,0,0,0
bjE0jzVv,0,0,0,0,0,0,3,0,1,0
ogAU9c8q,0,3,0,0,0,1,6,0,1,1
GjPHkCOx,0,5,0,0,0,3,0,0,0,0
uPviyPN5,0,0,0,0,0,0,0,0,0,0
bJF0u7EI,0,0,0,0,0,0,1,0,0,0
NmH3DJkr,1,0,0,0,0,3,0,0,0,0
SqK94ECl,1,2,0,0,0,1,1,0,0,0
4d18jrbD,0,1,0,0,2,6,0,0,3,2
BQjeYarv,1,1,0,0,0,8,2,0,0,1
rbqn8ljj,2,0,2,1,0,1,0,0,0,0
3Ag5U0Ut,1,0,2,0,0,0,0,0,0,0
t64Ne0C2,0,0,0,1,0,2,0,0,0,0
4mzAaG5Q,1,1,2,1,1,0,1,0,0,0
RLspeMCP,0,0,0,0,0,0,0,1,0,0
LmDQUY4k,0,0,0,0,0,0,0,0,0,0
3OXCoclp,1,1,1,0,0,6,0,0,2,0
cVRTxsBT,2,0,0,0,0,0,0,0,0,0
oQyEkxls,3,1,1,0,2,1,0,0,0,0
mH7xZNTD,0,1,0,0,0,2,0,4,0,0
nvXzItrW,0,5,1,1,0,0,2,0,0,0
3uxEIMt4,1,0,2,0,0,1,0,1,0,0
XC4U5qSz,2,0,0,0,0,1,0,0,0,0
yDqKc99D,2,1,0,1,0,0,0,2,0,0
5wGmnTWK,0,0,0,0,0,4,0,0,0,0
PIp93th1,0,0,0,0,0,0,1,1,0,0
xDlI7HxW,4,4,3,1,1,0,0,0,0,0
hTpoS5ix,0,4,0,0,0,2,0,1,0,0
Mt69T6kN,0,3,0,0,0,1,1,0,1,0
LpzifAB7,1,0,0,0,0,0,0,0,0,0
CzKaYGNQ,1,0,1,0,0,0,0,1,0,0
ZYoa2VDj,1,1,0,2,0,0,0,0,0,0
vpJV3siI,1,1,0,0,0,0,0,0,0,0
Y9TxkzUq,0,0,0,0,0,3,0,1,0,0
zXstXlEb,0,0,0,0,0,0,0,0,0,0
oLbvV4pp,0,0,0,0,0,1,0,1,0,0
KfE2BsAs,0,0,0,0,0,0,0,1,0,0
gCjF15rr,0,1,0,0,0,0,5,0,1,0
XXySuH1z,0,0,0,0,0,0,0,0,1,0
YCbaNZRj,0,1,0,0,0,5,4,0,0,0
Jfi0Whpm,0,0,0,1,0,2,0,0,0,0
5U8VcRrO,0,0,0,2,0,0,0,0,0,0
GXiY80Pt,0,0,0,0,0,0,0,0,0,0
2Z8kxAHu,0,0,0,0,0,0,1,1,0,0
lpxq31g1,2,0,0,0,0,10,1,0,5,0
vyNBzV4z,2,0,0,1,1,0,0,0,0,0
9tma066d,1,0,2,0,0,1,1,1,0,0
XDnxdmmB,0,0,2,0,0,2,10,0,0,1
ZYFd9bcO,0,2,0,0,0,0,3,2,1,1
G0VFjwsF,1,0,0,1,0,0,0,0,1,0
SNozUGdU,1,0,0,0,0,0,0,0,0,0
D9xE6vFt,2,11,0,1,0,0,1,0,0,0
edPy96d5,0,0,1,0,0,0,1,0,0,0
XehJbhTS,0,0,0,0,0,0,0,0,0,0
JuP45F9z,0,0,0,0,0,1,3,2,5,1
TPbilW72,0,0,0,0,0,0,0,0,0,0
rI0nByPk,1,0,0,0,0,0,0,0,0,0
k3g8t0U2,1,0,0,0,0,0,0,0,0,0
Ttqh9JQN,3,1,1,0,1,2,1,0,1,0
1ZC57Dsg,3,0,0,0,0,0,1,0,0,0
EFz4p6d1,0,3,0,5,1,0,6,0,0,0
oV6rUFbs,0,0,0,0,0,0,2,1,0,0
tpZn47R5,0,0,1,0,0,0,0,0,0,0
VI8hCFoC,0,0,0,0,0,0,0,0,0,0
ZSorR6C0,0,0,1,2,0,1,1,0,1,0
YLv8LD9e,0,1,0,0,0,0,0,0,0,0
u1zjgFEi,0,0,0,0,0,0,0,1,0,0
GpXDBZ0y,0,0,0,0,0,2,1,0,0,0
vojGKGRi,1,2,4,2,0,1,2,0,0,0
9DTd9ybo,2,1,0,0,0,0,1,0,0,0
0aH7lDYd,0,5,0,0,0,3,6,0,2,1
STRlCvls,0,0,0,0,0,0,0,0,0,0
O9hDtam5,0,0,0,0,0,1,5,2,0,1
JEeV1zXl,0,0,0,0,0,3,1,1,0,0
ELYPoOEt,0,0,0,0,0,0,0,0,0,0
zORsPJ2e,1,0,0,0,1,0,3,1,0,0
dABdlv5R,1,0,0,0,0,0,0,0,0,1
hPbLomTY,0,0,2,0,0,0,0,1,0,0
QDaXncAD,0,1,1,1,0,0,0,0,1,0
li8HbPRE,1,1,1,0,0,0,0,0,0,0
FrJ7mAqH,0,0,0,0,0,1,0,0,0,0
xGHAyjhL,3,2,0,0,0,1,0,1,0,0
nNPbGKPX,5,1,1,0,0,1,0,1,0,0
9zAqUS8B,7,3,0,0,2,0,0,3,0,0
qH2JP2At,1,1,1,2,0,0,0,1,0,0
dByvqhNf,1,0,1,1,1,0,1,0,0,0
0zKm9L5Q,0,0,0,0,0,3,0,1,0,0
1hlZqNYv,0,0,0,0,0,0,3,0,0,1
yTdVGH2s,2,1,2,1,1,3,5,0,0,1
O2BCCbWw,1,0,0,0,1,1,2,1,0,0
XF76C2wb,0,0,0,0,0,5,0,0,1,0
hYT3rXFq,2,0,0,0,0,0,2,1,0,0
TqlmSOFt,0,4,0,0,0,0,1,0,0,0
lPRoKTDJ,1,0,0,0,0,1,0,2,2,0
XsawNNYk,0,0,0,0,0,0,0,0,1,0
8w48SUiX,0,0,0,0,0,1,2,3,4,3
ozrMVlBw,4,1,1,1,0,2,0,0,1,3
Bq5PRHMO,0,0,0,1,1,0,3,2,0,0
P3pGeLrJ,4,1,2,0,0,0,0,0,0,0
KJ5AbGqb,0,1,0,0,0,0,0,1,0,0
JhC5eAVr,1,6,0,0,2,0,0,1,0,0
9XzS2YZP,0,1,0,0,0,1,5,0,0,1
WRK56HKS,5,1,1,2,0,1,1,0,1,1
ME8J5DAf,1,0,0,3,0,0,0,0,0,0
ijIVLtF1,0,0,0,0,0,1,1,0,0,0
7jgCjycb,4,0,1,1,1,0,0,1,0,0
JnOsprNy,0,0,0,0,0,0,0,0,0,0
2Zl09smZ,2,1,2,0,0,1,1,3,0,0
0gAF7t2y,0,0,0,0,0,1,0,0,0,0
eoa0La8m,0,11,2,0,1,2,4,0,1,0
9680LgmD,0,1,0,0,1,0,4,0,1,0
RDf6naM4,5,1,2,1,0,0,3,0,0,0
ASw6s5mu,4,1,0,0,0,1,0,0,1,0
t3ym5SxZ,0,1,0,0,0,1,3,0,0,1
WaYBJbyE,1,0,0,0,0,0,0,0,0,0
JaElmweK,0,3,0,0,0,1,3,0,0,0
5NX1yLQK,0,0,0,0,0,4,0,0,1,0
pOShdoKb,3,1,0,0,0,0,1,0,0,1
nyyLRpnP,1,0,0,2,0,0,0,0,1,0
zraShHb1,1,1,0,0,0,0,5,3,0,0
EmWWZtb3,0,0,0,0,0,0,0,0,0,0
SCY8GDSD,0,0,2,0,0,0,0,0,0,0
TeD6LSJR,0,0,0,0,0,0,1,0,0,0
CH1BVxFv,1,0,0,0,0,4,1,1,0,1
kzY2AUmr,1,2,1,1,1,0,0,0,0,0
xZC03SmS,0,0,0,0,0,0,0,0,0,0
TI3VsuLA,1,3,0,1,0,1,0,0,0,0
jCm6Bxzi,1,0,0,0,0,0,2,0,0,2
LBmAdzAA,0,0,0,0,0,0,0,0,1,0
y7BQX61Y,0,0,0,0,0,0,0,0,1,0
HcSk7RuQ,6,2,0,3,0,2,0,0,1,0
HSKwnG53,1,0,0,0,0,0,1,0,0,0
mmL2stDj,0,0,0,0,0,4,1,0,3,0
RQ9C22EX,1,0,0,0,0,0,0,0,2,0
S4jT6UJh,0,0,2,2,1,1,1,0,0,3
hzvTnkN0,0,2,0,5,0,0,0,0,0,0
DXCi9KDc,1,0,0,0,0,0,0,1,0,0
z8Y8xMPB,0,0,0,0,0,0,0,0,0,0
PKhXQGbS,5,0,1,2,0,0,0,1,0,0
WRzuo6xN,0,0,0,0,0,2,0,1,0,0
hHT7MEVR,0,5,0,0,0,1,8,0,0,0
FNHOpRlS,0,0,0,0,0,0,1,0,0,0
rbQxA2jZ,0,0,2,0,0,5,1,0,0,1
DP94nPx4,0,0,1,0,1,0,0,0,0,0
Mb58Ut9Q,0,0,0,0,0,1,1,0,0,0
2gLRtYii,2,0,0,2,0,0,0,0,0,0
r9egjtOF,3,0,1,0,0,0,0,1,1,0
Z6iSD0cZ,0,0,1,2,0,0,0,1,0,0
JOJCeOOX,0,0,0,0,0,0,0,0,0,0
osj0uMkh,1,0,0,0,0,1,0,0,0,0
2UQNmqeO,0,1,1,0,0,0,0,0,0,0
3gVp00J5,0,0,1,0,0,0,0,0,0,0
0S8hmauu,0,0,0,0,0,0,0,0,0,0
2C50QFnw,0,3,1,0,0,4,2,2,0,1
Dooh3yAm,0,1,0,0,0,0,0,0,0,0
0wbdriLe,4,0,1,2,0,2,0,0,0,1
6TPInKwO,0,1,0,0,0,7,0,1,0,3
t4lLUvuQ,0,4,0,2,0,0,1,0,2,0
ct5D97Fx,0,0,0,1,0,0,0,0,0,0
ibckrvqe,3,0,1,0,0,0,0,1,1,0
d0OV0OWb,0,0,1,0,0,0,0,0,0,0
gO2VjUMq,1,0,1,0,0,0,1,0,0,0
AEasqRBZ,1,0,0,0,0,0,0,0,0,0
uusjdjvS,0,0,0,0,0,2,4,2,0,3
WlRYG3aJ,2,0,1,0,0,0,1,0,1,0
mfB8OfWI,0,0,0,0,0,1,2,1,0,1
66zGHCqD,0,1,0,1,0,0,0,0,0,0
b5BKFK3M,4,0,0,0,0,1,0,0,0,0
k4EYbPLW,1,1,0,0,0,6,2,2,0,0
h7q38MnC,7,0,1,0,2,0,0,0,0,0
TCmiEMzC,0,0,0,0,0,5,1,2,2,0
SBXHUMbJ,1,0,0,0,0,1,0,1,1,0
XX0ZadJJ,1,0,1,0,1,1,1,0,0,0
3CSkKuU3,0,0,2,0,0,2,1,1,1,1
KlaGxXEC,2,0,0,0,0,3,1,0,0,0
gRpjCtCq,0,0,0,0,0,2,2,0,1,0
gVNvit12,0,0,0,0,0,1,0,1,0,0
YrGUr0wS,0,7,0,0,0,0,7,0,1,0
YL7imjEN,2,0,0,0,0,0,0,0,0,0
hrtK8l8l,0,5,0,0,0,0,1,1,0,0
IyqvfCIF,0,4,0,1,2,0,7,0,0,0
v5afUARw,6,0,0,0,0,0,1,0,0,0
O7CGfFXG,0,0,0,0,0,1,4,0,2,0
vnNOvflh,0,4,0,0,0,1,2,0,0,0
8ZZXvuTY,1,0,0,0,0,0,0,0,1,0
KAqX1Bj4,0,0,0,0,0,0,0,0,0,0
xiI3pilW,2,1,2,2,0,0,0,0,0,0
QnJggast,0,0,0,0,0,0,0,0,0,0
ju09pZy9,0,1,1,0,1,0,1,0,0,0
ecNWXGsW,2,2,0,1,2,0,0,0,0,0
4b7ZmsdF,1,0,0,0,0,0,0,0,0,0
v7sSxL3g,0,0,0,1,0,0,2,2,0,0
dBICZ2S4,1,5,1,0,0,0,0,0,0,0
glGsFhof,1,0,0,0,0,0,2,0,0,0
7lgk9X9W,1,0,0,2,0,0,0,0,0,0
DHpYkbUU,1,0,0,0,0,0,0,0,0,0
9KiqJiEE,0,4,0,0,1,0,0,1,1,1
JcV7axsD,0,2,1,0,1,1,5,1,2,0
vmx7SyJW,0,0,0,0,0,0,0,2,1,0
i4hYZudR,0,0,0,0,0,0,0,0,0,0
AyPmPNCE,1,0,1,0,0,0,0,0,0,0
JYswQ0V7,1,0,0,0,0,10,0,1,1,0
GiDZtORf,1,0,0,1,0,4,2,0,0,0
Wz0oSmSp,0,0,0,0,0,0,1,0,1,0
n3HYzu1y,1,1,2,0,0,5,1,0,0,0
yc9rJk0s,1,1,0,0,0,0,0,0,0,0
g7xiz58F,0,0,0,0,0,0,0,1,1,0
9dFF5D1g,1,0,0,0,2,2,1,0,2,0
0kArcjlU,1,0,0,0,0,0,0,0,0,0
cvzbFukj,0,1,0,0,0,1,0,2,3,0
CczNTCxn,0,1,0,0,0,2,1,1,2,0
xqU562W1,0,0,1,0,0,0,0,0,0,0
LHHOBCpr,0,0,0,0,0,0,7,1,0,0
37WBh9A5,4,0,0,0,0,1,0,0,1,0
gcbGW13e,1,0,0,0,0,0,0,1,1,0
jdgDwVYC,1,1,1,0,0,1,0,0,0,0
rwwQ82I9,1,0,0,2,0,0,1,0,0,0
hJeuh6rw,0,5,0,0,1,0,2,0,0,0
ppIosdsY,1,2,0,0,0,0,1,0,2,0
PjWFMLoG,0,1,1,3,0,1,0,0,0,1
eIGHgt8P,0,0,0,3,0,0,1,0,1,0
iYxAaJFA,4,1,0,0,0,1,1,0,1,0
KhnDEJgT,4,0,0,0,0,5,1,0,0,0
FR401lgH,2,0,0,0,0,3,0,0,0,0
AmSxW6MI,1,1,1,1,0,0,0,0,1,0
1ueNIQra,0,1,2,0,0,0,0,0,0,0
hxRENV2B,1,0,0,0,0,1,0,1,0,0
AWgW7noT,1,2,0,0,0,1,0,0,0,0
XblYdHke,1,0,1,0,0,0,0,0,0,0
b1IBQXrf,0,0,0,0,0,0,0,0,0,0
5SSMPJ2e,1,2,3,0,0,0,0,0,0,0
fxMEBzWd,0,0,0,2,0,0,0,0,0,0
F1uTzrbr,1,1,1,1,0,0,0,1,0,0
wgWS9Ul1,1,0,0,0,1,0,0,0,0,0
mvwg8zoy,0,0,0,0,0,0,0,1,0,0
ltsKz9Ah,1,0,0,1,0,4,3,0,0,0
s6O47jFE,0,0,0,0,0,0,0,0,0,0
DHspV6jL,0,0,0,0,0,0,0,0,0,0
tBc5Ltsj,0,1,2,0,0,2,2,1,2,0
QhYK1Htj,0,0,0,0,0,1,0,1,0,0
4qsi3P01,0,0,0,0,0,0,2,1,1,0
ZrsbzLBF,1,6,0,1,0,0,1,0,0,0
gkzeB3OR,0,0,0,1,0,0,0,0,0,0
aA5p0zgO,2,1,0,0,0,0,0,0,0,0
93Vh8GnY,1,1,0,0,0,0,0,1,2,0
4IHteT90,0,0,0,0,1,1,0,0,0,0
p2lvwCr0,0,0,0,1,0,0,0,0,0,0
q9bGfalH,1,0,1,0,0,0,0,0,0,0
I46kobfn,0,0,0,0,0,8,0,3,2,0
mBdVaHCk,1,2,3,0,1,0,0,0,0,0
78V3dPjC,0,0,0,0,0,0,0,0,3,0
BXr7VVNB,0,3,0,0,0,0,1,0,0,1
IeWiJBev,0,0,0,0,0,0,0,0,0,0
1ZLmXNYu,0,0,0,0,0,0,0,0,0,0
NjngStLI,0,0,0,0,0,0,2,0,1,0
CzwON694,0,0,0,0,0,0,0,2,0,0
WD2LHN9E,2,0,0,1,0,6,1,1,0,0
NnEyFFdE,0,0,1,0,0,0,0,0,0,0
pe7Wuv76,0,2,0,0,1,1,0,0,2,0
lRBoSvfH,0,0,0,1,0,0,0,0,0,0
jxIVWRF7,0,0,0,0,0,1,0,0,0,0
kLkwjfvd,0,0,0,0,0,0,0,1,0,0
SWXVoYW5,2,0,0,0,1,2,0,1,1,0
uvBdk1v8,1,1,0,0,0,3,2,0,0,0
CCQhuanq,0,0,0,0,0,0,0,1,0,0
pDX7mi3K,0,0,0,0,0,0,0,0,0,0
D7tYxbCG,1,0,0,1,0,0,7,1,1,0
w73MZnEG,2,0,0,0,0,8,1,0,3,0
QFksMTRf,0,0,0,0,0,0,0,0,0,0
1md19C7M,0,5,0,0,0,0,3,0,0,0
ZFOoyjI7,0,1,0,0,0,4,0,0,0,0
2o6ZQMZJ,1,6,0,2,0,0,1,0,1,2
ZdM3u3zZ,0,0,0,0,0,1,0,0,0,0
OzqFoMYU,1,2,1,0,1,0,2,0,0,0
VsfSeT9j,1,0,1,0,0,0,0,0,0,0
aQwIz9oW,0,4,0,0,0,1,6,1,0,0
c64hLBQX,3,6,4,0,4,0,0,0,0,0
ZAuH5KZW,0,0,0,0,0,0,0,2,0,0
IPQKJIzJ,2,0,0,0,1,0,1,0,0,0
dAC4o1i3,0,0,0,0,0,0,0,0,1,0
Y4CUlwlT,1,2,1,3,1,0,1,0,0,0
LEcd2t1Q,0,0,0,0,0,0,0,0,0,0
Xs9sNixt,0,0,1,0,0,1,0,0,0,0
RmFmqQwt,2,1,0,0,0,0,0,0,0,0
e4E2jj5O,0,0,0,0,0,0,0,0,0,0
8O26kiIZ,2,1,1,3,0,0,1,0,0,0
1Etl4OBD,1,0,0,0,0,0,0,1,0,0
g9Z3ry7R,0,0,0,0,0,0,1,0,0,0
u5oYahVT,0,3,0,2,0,0,4,0,0,0
ujF87GxR,2,0,1,0,2,0,0,1,0,0
NQJBF4E2,3,1,0,0,0,1,0,0,0,0
nDgdSvDR,0,0,0,0,0,1,1,1,0,0
L4j8Q6gv,1,0,0,0,0,0,0,0,0,0
iVQ5yN6c,0,16,0,1,0,1,0,0,0,0
VGovfLaT,0,4,1,0,0,1,1,0,0,0
shYE5LSY,2,0,0,0,0,1,1,0,0,0
4NtXwWtI,8,2,2,0,1,0,0,0,0,0
u7upHkfQ,1,0,1,0,0,1,0,0,0,0
X9hO6q8C,0,0,0,0,0,0,0,0,0,0
B2zvPPxK,0,0,0,0,0,0,1,0,0,0
jcB4Z0vk,0,0,0,0,0,0,0,0,0,0
KHrnl1ss,0,1,0,0,0,5,0,0,0,0
RDIfoaLK,0,3,0,2,0,0,0,0,3,0
krCCF9Df,14,1,0,1,5,2,1,0,0,0
7zRptKm4,1,1,0,0,0,0,0,0,0,0
vxNkDPg0,2,0,0,0,1,4,2,1,4,2
UkuNQJnS,0,0,4,0,0,0,1,2,3,0
vEslcBgK,0,1,0,1,0,0,1,0,0,0
lkbJtpZd,0,0,1,1,0,3,1,0,1,2
ehbCrK31,0,0,1,0,0,1,2,0,0,0
6U6Wzh24,0,0,0,0,0,0,0,0,0,0
hrV2oEp4,0,3,0,0,0,0,5,0,0,0
MN1PxtWf,4,2,1,1,3,0,1,3,1,0
OTU5bcva,0,0,0,0,0,0,0,0,0,0
jLejfMeT,1,0,1,0,0,5,0,1,0,0
pN5s6K7E,0,0,1,0,0,2,0,0,0,0
XV1vwD2T,0,0,0,0,1,0,1,0,0,2
nkvpSVNK,0,0,0,0,0,1,0,0,1,0
ygcey1hl,0,0,0,0,0,0,0,0,0,0
fFSueTO3,4,1,0,0,0,1,1,0,0,0
e1fNN281,0,0,0,0,0,0,0,0,0,0
pf5H8kbq,0,0,0,0,0,0,0,0,0,0
DP2WQkAk,0,5,4,0,0,2,1,0,0,0
W6nS4jwl,2,1,0,0,2,1,0,0,0,0
HKIHPHBM,1,0,0,1,0,0,0,0,0,0
6Tfq1OjZ,0,0,1,0,0,1,5,1,0,0
OFnUIjPX,2,3,1,1,1,0,0,0,3,0
3ONqt0Dk,1,0,0,0,0,0,1,1,2,0
zJgIGAxV,0,0,0,0,0,6,2,0,0,1
wrcNp3wB,2,0,0,0,0,2,1,0,1,0
Gj1itCLB,0,0,0,0,0,7,0,0,0,0
upxS9ehz,0,0,0,0,0,4,0,0,1,1
HoPOrfgN,2,0,0,1,0,0,0,0,0,0
NfC8oEdG,0,0,0,0,0,0,0,0,0,0
KH0YgwvV,0,0,0,0,0,0,2,0,0,0
TlYx4pNk,10,1,0,0,1,2,2,0,0,0
qLBAQuaA,1,0,0,0,0,0,1,0,0,0
3ONIofb9,0,0,1,0,0,1,1,1,0,0
OaxpaVfI,0,0,0,0,0,0,0,0,2,0
FvR4b7iD,1,2,0,0,1,0,0,0,0,0
0QwfSpgo,7,1,1,0,0,0,0,0,1,0
CsaRp25F,0,2,1,5,0,0,0,0,2,0
afOXVWns,0,0,0,0,0,2,0,0,0,0
8VM5qNWa,4,4,1,0,0,0,0,0,0,0
vNvOKsUk,0,2,0,0,0,0,3,0,0,0
fJtZeihd,0,0,0,0,0,1,0,0,0,0
qieMYcKS,2,0,0,0,0,1,1,0,0,0
OQfkFGmQ,0,0,0,0,0,0,0,0,0,0
heWIdwr1,4,3,1,0,1,1,0,0,0,0
KBILT0xg,0,0,0,0,0,1,2,3,0,0
3NLUhxOu,0,0,0,1,0,1,1,0,0,0
YAxiVeVv,0,1,0,0,0,0,1,0,0,0
rOSYaN6B,1,1,0,0,0,1,0,0,0,0
GFZI14XZ,1,0,1,0,0,0,0,0,1,0
50KHF6Om,0,0,0,0,0,0,0,2,0,0
kUAoiP6r,0,0,0,0,0,0,0,0,0,0
nqWlrZ3b,0,3,0,1,0,1,0,0,0,1
K4ff7vKF,0,2,0,0,1,5,5,0,1,2
Bpx6UKYp,2,2,3,0,0,2,1,1,0,2
rGBzMfNV,0,0,0,0,0,0,0,0,0,0
Q43I5srL,0,0,0,0,0,0,1,0,0,0
iwcrzB15,0,0,0,0,0,0,0,0,0,0
k8zNg46D,0,0,0,0,0,6,1,0,0,0
ptQ256Fd,0,0,0,0,0,0,0,0,1,0
yWv4IWjJ,0,0,0,0,0,0,0,0,0,0
J3rkPbwJ,0,0,0,0,0,0,1,0,0,1
3v79yYBn,0,0,0,0,0,0,0,0,1,0
EFycY9V7,0,0,0,0,0,0,0,0,0,0
6XWJFJdm,0,0,0,0,0,0,0,0,0,0
4Q8n04cD,0,0,0,0,0,1,0,0,2,0
w0ditTNK,1,0,0,0,0,3,1,3,0,0
eNBSwwu1,1,1,0,2,1,0,0,0,0,0
7TyAxSI4,1,5,0,4,0,0,5,1,0,0
qeyxyycR,0,0,1,0,0,9,7,2,0,1
21rPwYft,0,0,0,0,0,2,0,0,0,0
qumcWldY,2,7,0,6,1,0,0,0,0,1
ldvGM9cQ,0,0,0,0,1,0,0,0,0,0
mjYANGVl,3,0,0,1,0,0,0,0,0,0
Z5PoimlL,1,0,1,0,0,1,1,0,3,0
N8ED8Al8,0,1,0,0,0,0,0,0,0,0
ZOqnO0vJ,0,0,0,0,0,0,0,0,0,0
ycvSSeDB,4,1,0,1,2,2,0,0,0,0
YKEZ9d5N,3,0,0,0,0,0,0,0,0,0
6rlmPxTA,1,3,0,0,1,0,0,0,0,0
2MnGWeoL,0,0,0,0,0,0,0,0,0,0
iTIwxLQs,0,0,0,1,0,1,8,0,1,0
TSmypUAJ,1,2,0,1,0,0,0,0,1,0
KHGUOn2l,0,0,0,0,0,1,0,0,0,0
jFPkyfoy,3,1,5,0,0,1,0,2,0,2
ZV4rZRau,0,0,0,0,0,2,0,0,0,0
CT4O5sBl,2,0,1,0,0,0,0,0,0,0
kHiq9rnW,0,0,2,0,0,1,4,0,1,0
MDrZ5WRb,0,1,0,1,0,0,0,0,0,0
0erfvkBV,0,0,0,0,0,0,0,0,1,0
QxMU1aum,1,5,2,0,0,0,1,0,2,0
BHE91Ii9,0,0,0,1,0,0,0,0,0,0
bPP9RRj2,0,0,0,0,0,0,0,0,0,0
kQh9gbWh,0,0,0,0,0,0,0,1,0,1
mWNSskiy,0,0,0,0,0,0,0,0,0,0
Si4fX8jA,0,0,1,0,0,0,0,0,0,0
AscKlRsV,0,2,0,0,0,0,0,1,0,0
2UWz4a1d,2,5,1,0,1,2,0,0,0,0
UN1L502m,1,0,2,0,0,1,1,0,0,0
iqQ9Z1kr,0,0,0,0,0,1,1,0,0,0
CyppxDYx,0,0,0,0,0,0,1,0,3,0
MbubbDZC,3,0,1,0,0,0,2,2,0,0
qdtP23zy,0,1,0,0,0,0,0,0,1,0
XWqARbCn,0,0,0,0,0,0,0,0,0,0
veDC115A,1,3,3,0,1,0,0,0,2,2
0dbw3FRF,4,0,1,0,0,0,0,0,0,0
zw3FSIE9,1,2,0,0,0,0,0,0,0,0
gu2MzseA,0,0,1,0,0,0,0,0,0,0
NzaDuBe8,2,0,1,3,0,1,0,0,0,0
EliTUoXD,0,2,0,0,0,2,1,1,0,0
FAeDfyiN,0,0,0,0,0,0,0,0,0,0
05h0YGxW,0,0,0,0,0,8,2,0,1,1
LFfQooVp,1,0,1,0,0,0,0,0,1,0
FVqQUVxJ,0,3,0,0,0,0,0,1,0,0
qFS7QZh9,0,0,1,0,0,1,0,0,0,0
t6g9H9ln,2,1,1,0,0,0,0,0,1,0
trMuA8rl,0,3,1,0,0,0,1,4,0,0
psm7aGKw,0,0,0,0,0,0,0,0,1,0
llV4ri8F,1,0,0,3,7,0,0,1,0,0
JlN93hm8,0,0,0,0,0,7,1,1,0,0
AcpTAC89,3,0,0,0,0,4,1,0,0,0
JPg4gLmP,0,0,0,0,0,0,0,0,1,0
HV2wtuWu,0,0,0,0,0,0,0,0,0,0
vPLn8PlX,1,0,0,0,0,1,0,1,0,1
bWi5dixP,1,0,1,3,1,6,0,0,0,0
RR21NPCu,2,0,3,1,0,2,2,1,1,0
zsJAhtG1,2,0,1,0,0,0,0,0,0,0
FKHJYtTH,1,0,0,0,1,0,0,1,2,1
fzOyJYfy,3,0,1,1,0,0,0,1,0,0
n3Z6oFd7,0,0,0,0,0,1,0,1,0,0
pVV24d1f,0,0,0,0,1,0,2,1,0,0
dWIYA1wD,0,8,3,1,0,0,0,1,0,0
eJ0XCu5c,0,0,0,0,0,0,0,1,0,0
huA5CfpS,0,0,0,0,0,0,0,0,0,0
KbTHdwfp,0,0,2,0,0,0,0,0,0,1
qD39R40w,0,2,2,0,0,1,1,1,0,0
MyIZeVzg,2,3,0,0,0,1,1,1,0,2
ENPo5j6K,0,0,0,0,0,0,0,0,0,0
UH6EJNjX,0,1,0,0,0,1,0,1,0,0
sbG2Vrv8,0,0,2,0,0,2,0,0,0,0
hCwK5Zrd,0,0,0,0,0,0,0,1,0,0
bkZplebW,0,0,0,0,0,1,1,0,0,0
4ExLyIUZ,4,0,0,0,0,0,0,0,1,0
S4Kut9UV,0,0,0,0,0,10,0,1,3,0
aFHY5PPp,4,0,0,0,0,0,0,0,0,1
AT0py1xh,2,0,0,1,0,1,0,0,1,0
9QZsDZnP,0,0,0,0,0,2,0,0,0,0
9S40dLoy,0,4,2,1,0,5,3,1,1,2
M5q8JwQA,0,0,1,0,0,0,0,0,0,0
Bfur0UtX,0,4,0,2,0,0,0,0,0,0
jL2echCj,0,0,1,0,0,7,1,0,0,1
JrDeh5qQ,7,7,2,0,1,1,6,0,0,0
HPwWwDqg,0,1,0,1,0,3,4,0,0,1
phOH8i4d,1,1,0,0,0,0,0,0,0,0
V3YJSFbc,0,1,0,0,0,0,3,2,0,0
w8qJkuCX,1,1,0,0,0,0,0,0,0,0
2rSB8rTc,1,0,0,0,0,0,0,0,0,0
PnsQJzRd,0,0,1,0,0,0,0,0,0,0
OALEMrbM,0,0,0,1,0,1,0,0,1,0
KW7im8v2,0,0,0,0,0,0,3,0,3,0
eu9AhTGc,0,1,0,1,0,0,1,1,1,1
0qM6rMtb,0,0,0,0,0,2,1,1,0,0
QjatHP1M,0,0,0,0,0,1,1,0,0,0
e65DpaN9,1,1,0,1,1,1,1,0,0,2
W525Dzyh,2,5,0,0,1,0,0,0,0,2
RzWNf1vr,0,0,0,0,0,0,3,1,2,2
xMb601F0,6,1,0,5,1,4,3,1,1,0
PK1s3S2F,0,1,0,0,0,0,1,0,0,0
jBfKMi6G,0,0,0,1,0,0,1,1,1,0
gE1odDc2,0,0,0,0,0,0,2,1,0,0
joqmgoBQ,0,1,0,0,0,0,0,0,0,0
KReH9CF6,0,2,0,1,1,0,0,0,0,0
yrwF6l5q,0,2,1,3,1,1,2,0,0,0
yArwwGzu,5,1,0,0,1,0,0,0,0,0
uRsnfoWa,0,0,0,0,0,0,0,0,0,0
Yr8WLqjb,1,1,1,0,0,0,0,0,0,0
k7RhwN5j,1,1,0,1,0,2,2,1,0,1
7BzIAYGm,2,0,0,0,0,0,0,0,0,0
hEIxs6aC,1,1,2,0,0,1,1,0,0,1
cW7RT2uZ,0,0,0,1,0,1,0,0,0,0
LzWW3yiF,2,3,0,0,1,2,0,0,0,1
BSgrIjQj,0,0,0,0,0,0,0,0,0,1
Kw9sRcwD,0,0,0,0,0,0,0,0,0,0
QRa3UK5w,0,0,1,0,0,0,0,0,0,0
0aEY5sTO,1,2,0,1,1,0,0,0,0,0
7pQ2XXtt,1,0,1,0,0,1,0,0,0,0
Blx8qUyI,0,0,0,0,0,0,0,0,0,0
VqlBFFX4,0,7,0,2,2,0,1,0,0,0
yeD3Y8Me,1,0,1,0,0,1,0,0,0,0
iQlZIGX2,0,0,0,0,0,0,0,0,0,0
z2HstSiD,0,0,0,0,0,0,0,0,0,0
4Tjt4hBb,0,0,0,0,0,0,0,0,0,0
YUZk8Qrw,0,0,0,0,0,3,3,1,1,0
ioPxcjlf,0,4,0,1,1,1,0,0,2,0
6BJIT4bD,0,0,0,0,0,1,0,1,0,0
PoNxKPZj,1,1,2,0,1,0,6,1,0,0
l9ruNsiX,0,0,0,1,0,0,1,1,1,1
RQtGSkdl,3,0,0,1,0,2,0,0,0,0
hW8DWHJn,0,0,0,0,0,0,2,0,1,0
0ffYyQcv,0,0,2,1,0,0,0,0,0,0
SuRad6dN,0,2,2,0,1,0,3,0,1,0
eR44RF2W,1,4,1,0,1,0,0,0,0,0
Ly9iPrDx,3,0,0,0,3,0,0,0,0,0
TTA8RISM,3,2,1,1,0,0,0,0,2,1
6GhM3wJ9,0,1,0,1,0,0,0,0,0,0
dlUB5UYI,0,0,1,0,0,0,0,0,1,0
EKBh1PJu,0,1,0,0,0,0,0,0,1,0
EEllkRnr,0,0,1,0,0,0,0,0,0,0
nGP6lbAw,1,0,0,0,0,0,1,0,1,0
QcUTYYiW,0,0,0,0,0,1,0,0,1,0
IvK38IyT,1,0,0,0,0,0,0,0,0,0
DbxOkl8N,0,0,0,0,0,0,0,1,1,0
rVexX9if,0,0,1,0,0,0,0,0,0,0
O11A1W4W,4,0,0,1,0,0,0,0,0,0
gYGDGwRd,0,4,0,1,0,0,4,0,2,1
53E3nbrB,0,0,1,0,0,0,0,0,0,0
oFTf7fSH,1,1,1,1,0,0,6,0,0,0
uZZrhD6W,0,2,0,1,0,3,1,0,1,0
EMyivfnK,0,0,0,0,0,0,0,0,0,0
b2voScFB,1,4,2,2,1,0,2,0,0,0
sqvjptfX,0,0,0,0,0,0,0,0,0,0
kBKwlEKB,0,0,0,0,0,0,0,0,0,0
KkDBRHxq,0,0,0,0,0,0,0,0,0,0
rpRnl3ug,2,11,2,1,2,0,4,1,0,0
MhoMpe2m,1,4,0,1,0,0,2,0,0,0
Ht3orRGO,1,0,0,0,0,1,0,0,0,0
pYNRgSP3,5,0,3,0,2,1,1,1,0,0
zyBOUmZR,0,0,0,0,0,0,0,1,0,0
eTnsRXDV,0,2,0,0,1,0,0,0,0,0
YjA3yMZ1,1,4,2,2,2,0,0,0,0,0
wRyF5696,0,0,0,0,0,4,1,0,2,0
PbbVhMPi,4,7,0,0,0,0,0,0,0,0
PeoKlhAQ,5,0,0,0,0,0,0,0,1,0
a1mZUYbM,4,0,1,1,0,0,0,0,2,1
vYzLNnRV,0,0,0,0,0,0,1,0,0,0
nKOGQ8Gs,1,0,0,1,0,2,2,1,3,0
kBSjyIAx,2,0,1,0,0,1,0,0,0,0
Uz0aDmjO,0,2,1,1,0,0,3,1,6,0
ef3JLHtc,0,0,0,0,0,1,0,0,0,0
xItby2c7,3,0,1,1,0,1,0,0,0,0
urmDxd6n,1,0,0,0,0,4,2,0,0,0
vSJruYKd,0,1,0,0,0,0,0,0,0,0
4ms9LlUC,0,0,0,0,0,0,0,0,0,0
GlBq5laN,0,5,2,4,0,0,0,0,0,0
bBd6dgCt,0,0,0,0,0,1,1,0,0,0
7vhtj9VW,3,1,0,0,0,1,0,0,0,0
8PgHlXl3,1,0,0,0,0,0,0,0,0,0
ESZjBitj,1,0,0,0,0,0,0,0,0,0
fRt18sqM,6,0,2,0,0,1,0,0,0,0
tjHKVkNU,3,1,1,0,0,2,1,0,2,0
IbWzQfYx,1,0,0,0,1,0,0,0,0,0
QsYUQo1j,1,3,1,0,0,5,0,0,0,0
n071LZIC,0,0,0,0,0,0,1,0,2,0
OYksxmjl,2,4,0,1,1,3,3,1,0,0
4cUP779M,1,0,0,1,0,0,0,0,0,0
l5KGTOLU,3,2,2,1,0,0,0,0,0,0
tjkPjDs2,1,0,0,0,0,3,2,1,0,0
CRWqCnbu,0,0,0,0,0,0,0,0,0,0
J2fUdKgq,0,0,1,0,0,1,0,0,0,0
StyaoP5E,0,0,1,0,0,1,1,2,2,0
VWy0eSgd,0,1,1,0,0,1,0,2,0,0
kVEv7ScR,0,6,0,0,2,0,3,0,0,0
uy3valF2,0,0,1,0,0,0,0,0,0,0
0rwpUMkz,2,4,0,0,0,0,0,0,0,0
Td8lanX7,1,1,1,1,0,0,0,0,0,0
dLdsVMzn,1,7,1,1,2,0,4,0,0,0
WdhQTChs,0,0,0,0,0,0,0,1,1,0
hlYHf5En,0,0,0,0,0,0,0,0,0,0
RUvVojk8,0,1,0,0,0,0,0,1,0,0
L6fFNRDV,2,1,3,0,0,0,0,1,0,0
tMyzDRLn,0,0,1,2,0,0,0,0,0,0
FYSpJF35,0,0,0,0,0,0,0,0,0,0
dOTAH31D,2,4,0,0,0,3,1,2,0,1
YnEaQp3X,1,4,0,0,1,1,0,1,0,0
FGQfMkWM,0,0,1,2,1,1,0,0,2,0
VolBRJSm,0,1,2,0,0,0,3,1,1,0
CZ1jxhHi,1,1,0,2,0,0,4,0,4,0
3XhDvTiN,0,0,1,1,0,4,0,1,0,0
1CfVR0Vo,0,0,0,0,0,0,0,0,0,0
OLsKtasi,0,0,1,0,0,1,0,0,0,0
W7O8AYm0,1,2,0,1,0,0,1,2,0,0
cs9dKOs7,3,1,1,0,0,1,6,0,0,1
CvYaHI1P,0,0,0,0,0,11,0,0,0,0
jjtnZeGr,0,0,0,0,0,0,0,0,0,0
wnIuDQaK,1,2,0,0,0,2,0,0,0,0
zg1OUQQg,0,0,1,0,0,0,0,0,0,0
htMKRXzN,0,0,0,0,0,1,1,1,0,0
IWGRO2z9,0,0,0,0,0,0,0,0,0,0
ve7TwZmf,0,2,2,0,0,1,0,0,1,0
8v8YmjcF,0,0,0,0,0,0,0,0,0,0
BgiHzviW,0,0,0,0,0,4,1,0,0,0
u8SoLJSu,0,1,0,0,0,1,0,0,0,0
24yWhnA5,0,0,0,0,0,3,0,0,1,0
4PgRbGER,2,0,0,0,0,5,0,0,0,1
VUNcMYgE,0,0,0,1,0,0,0,0,0,0
UnB3qhAP,1,0,0,0,0,0,0,0,0,0
BRIHtnSf,2,0,0,0,0,1,0,0,0,0
JOH1CFgZ,0,0,0,3,0,0,0,0,0,0
x14PpwW9,5,3,0,0,0,1,0,0,0,0
Y7IUDzoY,0,0,0,0,1,1,0,2,0,1
P9W2P611,2,0,1,1,0,0,8,2,0,0
R3v2gpRi,0,0,0,0,0,0,0,0,0,0
1ikBSCMx,3,2,2,0,0,2,0,2,1,1
RacbC3U3,2,1,0,0,0,0,0,0,0,0
NusQ4lOX,0,6,2,0,0,1,0,0,1,0
cuyRNOhn,2,0,0,0,0,0,0,0,0,0
JSC9h8Ah,1,0,0,0,0,2,0,0,0,0
Fhbu9Rr8,0,0,0,0,0,4,0,0,0,0
uZe9rmvd,0,0,0,0,0,2,0,1,1,0
5kVyUNBp,1,0,0,1,1,3,1,0,0,0
5ro7yF2C,3,6,0,0,0,0,0,0,0,0
fVM4YIU1,0,0,0,0,0,0,0,0,0,0
4jIHhWMh,1,0,0,0,0,1,0,1,1,0
fx9j6FlH,0,1,0,4,0,1,0,0,0,0
01yWTvqf,0,0,0,0,0,0,0,0,0,0
gbwEUeOP,0,0,0,0,0,0,0,0,0,0
vB2QNjdY,5,1,0,0,0,0,0,0,1,0
z9Q8YrPL,1,0,0,3,0,0,0,0,0,0
rY6AHxtb,0,0,0,0,0,1,0,0,0,0
V7VXtqaq,0,0,1,1,0,0,0,0,0,0
NOof2Ol3,0,0,0,0,0,0,0,0,0,0
np2eWbnb,0,0,0,0,0,0,0,0,0,0
oerT1ffZ,1,0,0,0,0,0,0,0,0,0
Q5AKNHVf,0,0,1,0,0,2,0,0,3,0
rx0dzjqK,0,1,1,0,0,7,2,1,1,0
VEgcGrtx,0,0,0,0,0,0,0,0,1,0
FJe6XY8K,1,8,0,0,0,2,3,1,0,0
Su2mIyQ8,1,0,1,0,2,0,0,1,0,0
8bGAoycE,2,0,0,0,0,0,0,0,1,0
KlmUCMch,0,0,0,0,0,0,1,0,0,0
9DI8GxX9,1,1,2,1,0,0,4,0,0,1
CAQBeEXc,2,3,0,0,0,4,1,0,0,0
7V3HHDSc,0,0,0,0,0,0,0,0,0,0
9YmSLLV3,0,0,0,0,0,0,0,0,0,0
YMplXhn7,0,0,0,0,0,0,0,0,0,0
749qZwan,0,0,0,0,0,1,0,1,1,0
XzUB1097,0,1,1,0,0,0,0,1,0,1
jKtUTU3u,0,0,1,1,0,0,0,0,0,0
3vgAMKGa,1,0,1,0,0,1,0,0,0,0
Te8LnJQB,0,0,0,0,0,1,5,6,0,0
iLoDARjd,9,1,3,2,0,0,2,0,1,0
HW3EBFms,0,1,0,0,0,0,2,0,0,0
ffZ6jhmb,3,0,0,1,0,1,0,0,0,0
fP55IPXX,1,4,2,0,0,0,5,0,0,0
lE9W4sPC,2,6,0,0,1,0,0,0,0,0
7v3HJtTq,0,0,1,0,0,0,1,0,1,0
JloT0xcm,0,0,0,1,0,2,0,0,0,0
g6Et8MBW,0,0,0,0,0,1,0,0,0,0
SPCN0cvi,0,2,0,0,1,17,0,3,0,2
pn9fYSFd,2,1,0,0,0,0,5,0,1,2
p3Gc9n15,0,5,0,0,1,0,4,0,0,1
hehzS2Vu,2,1,1,0,0,1,0,0,0,0
0701oHqU,0,0,0,0,0,0,0,0,0,0
R8V8oAI6,1,0,0,0,0,1,0,2,0,0
mW526Sne,0,0,0,0,0,0,0,0,1,1
TYCPlxup,0,6,0,1,0,1,2,0,0,1
YG15JN8B,0,0,0,0,0,0,0,0,0,0
sQ34080N,0,0,1,0,0,0,0,2,0,0
yfuwpYMs,0,0,0,0,0,0,0,0,0,0
BJsyptEh,0,1,0,0,0,0,0,0,1,0
GhibCjuo,2,0,0,0,0,0,0,0,0,0
azQV3qDX,3,2,2,0,1,0,0,0,0,0
OKP21TIz,0,0,0,0,0,1,1,1,1,0
88a6gIEq,2,1,0,2,1,0,3,0,1,0
Ev5PFToA,0,0,0,0,0,0,0,0,0,0
ajJq7PhK,0,0,1,0,0,2,7,1,1,1
eJ8TOAmX,0,1,0,0,0,0,0,0,0,0
QzRoZYlD,0,3,2,0,0,6,3,0,1,2
pJ7qPOTg,0,0,0,0,0,0,0,0,0,0
5tQMEe8D,0,1,0,1,0,0,0,1,0,0
k7pO2CbG,0,3,0,0,0,3,0,0,0,0
7BPyssZZ,0,0,0,0,0,0,0,0,0,0
fEvFYnfC,0,0,1,0,0,1,0,0,0,0
ft1xXdq7,0,1,0,0,0,2,0,0,0,1
ocCeO7n7,1,1,0,0,1,2,4,2,0,0
O0WEefGE,0,0,0,1,0,0,0,0,0,0
h3t8v5pj,0,1,0,0,0,0,1,0,0,0
dELhwTwZ,0,2,1,1,0,1,1,0,0,0
hOftRlNk,2,1,0,0,0,0,0,0,0,0
vx4pHKgh,1,3,2,1,2,0,1,1,0,1
Mkbt7x84,0,0,1,0,0,0,0,0,0,0
5br5XxER,0,0,0,0,0,0,0,0,0,0
kDokqgcj,2,1,2,1,0,0,0,0,0,0
1FHJVqiy,0,0,1,0,0,0,1,0,0,0
9JkH2kCy,0,1,0,0,0,1,3,1,0,0
xzdLKwRt,0,7,1,0,1,2,2,0,1,0
LbEuePkZ,1,1,0,0,0,0,0,1,0,0
bmagoKKz,0,1,2,0,0,0,0,0,0,0
YftliHju,1,6,0,0,0,0,5,0,0,0
UrlmpwXK,0,0,0,0,0,0,8,0,1,0
tt1qJ1uX,0,0,1,2,0,0,0,0,0,0
sg1skE0d,1,0,0,0,0,0,0,0,0,0
nipRFMnT,0,0,1,0,0,1,0,1,0,0
UWB26RbS,2,3,0,2,0,0,0,0,0,0
gpM6yn9P,0,0,0,0,0,0,0,0,0,0
mJkPEbNq,0,0,0,0,0,0,0,0,0,0
fzhhhEb9,0,0,2,0,0,0,2,1,1,0
vnSRebqu,2,0,0,1,0,0,0,0,0,0
qdGRV0WH,2,1,0,0,1,0,4,2,1,0
nnExuxeD,0,3,0,0,0,1,1,0,0,0
d89OzvNv,0,3,1,0,0,0,0,0,0,0
Rrx377Ot,0,0,3,0,0,0,0,0,0,0
51Q3T7Y9,0,5,0,1,0,0,0,0,0,1
icOecqgf,2,0,0,0,0,0,2,0,0,1
iF80Wpp8,0,3,0,0,1,0,4,0,0,0
MWNSdc2X,4,0,0,2,0,1,0,0,0,0
POFuWGna,0,0,0,0,0,0,0,0,0,0
iRMdD1Ty,1,4,0,0,1,6,4,2,2,0
jMnLhopm,1,0,1,0,3,0,0,0,0,0
WdmclQiG,0,1,2,0,0,11,0,0,0,1
n3xMrfFg,0,0,0,0,0,0,0,0,0,0
4PSGu5nn,1,4,0,0,0,5,0,1,0,2
gM5swkCc,1,0,0,0,0,0,3,2,1,1
Oj7ZjSEU,0,0,0,1,0,6,3,0,0,0
bPwk3QuJ,0,1,0,8,0,0,3,0,0,0
k5EMWnw1,0,0,0,0,0,0,0,1,0,0
i33b02SM,0,0,0,0,0,2,0,1,0,0
IFzm0NSC,0,0,0,0,0,1,0,0,0,0
nHXvkrKa,3,0,0,0,1,1,0,1,2,0
myxOTVnp,1,2,0,1,0,2,0,0,0,0
jn9iRWTm,2,1,0,0,0,0,0,0,0,0
3d01XHpu,0,0,0,0,0,0,0,0,0,0
8lxk9iXh,0,0,0,0,0,0,1,0,0,0
Qg9yxQVh,0,0,1,0,0,0,1,0,0,0
IrHuoETQ,1,0,1,0,0,3,4,3,2,0
Z22wH4Vq,1,1,0,0,0,0,0,1,0,0
qW5LY5O4,0,1,0,0,0,2,1,1,0,0
GfCi4gpQ,0,0,1,0,0,0,0,0,0,0
Goeoi3TN,0,1,0,0,0,1,0,0,0,0
lerIBtm2,0,0,0,0,0,1,0,0,0,0
7rrP8BmJ,1,3,0,0,2,0,1,0,1,0
Sr7DauPy,7,2,1,1,1,1,0,0,0,0
eLHSoP12,4,0,0,0,0,1,3,0,1,0
7RrStWJD,1,4,1,5,1,1,6,0,0,1
7W3QjYyS,0,0,0,0,0,0,0,0,0,0
s48XwmHY,6,1,0,0,0,1,0,0,1,1
8sxxxfWr,7,1,1,0,0,0,0,0,1,0
8YpDa5Yx,0,0,0,0,0,1,0,0,0,0
sVhwpVfk,0,0,2,0,0,1,0,1,0,0
hvsXVwpt,6,3,3,2,1,0,0,0,1,0
LiQZSWyw,2,0,2,0,0,0,0,0,0,0
M1VyMLHO,2,0,1,1,0,0,0,0,0,0
637TQktl,3,2,0,0,1,0,6,0,0,1
QYTjBz1a,11,0,0,1,1,0,4,0,0,0
AAKtlPKn,4,1,0,5,1,5,0,0,0,0
AuxAMee0,0,2,1,0,0,0,0,0,0,0
5DWdSp0j,0,0,0,0,0,0,1,0,2,0
TN9g4p88,1,0,0,0,1,1,1,2,0,1
kLkOfah2,1,0,0,0,0,0,1,0,0,0
ytfnKwGv,3,1,0,0,1,0,2,0,0,0
yceK6rGf,3,0,1,1,0,0,0,1,0,0
S0UB5KKa,0,0,1,0,0,1,1,0,0,0
JAmohngQ,0,0,0,0,0,1,0,0,1,1
Sh0Hmwob,1,5,1,0,1,2,1,0,0,1
G1v94jdP,0,4,0,1,0,0,0,0,0,0
QDksER2G,0,0,0,0,0,2,2,0,0,0
90w6Y4IG,0,0,0,0,0,0,0,0,1,0
6dVNNauJ,0,0,0,0,0,0,0,0,0,0
pmKroZ9h,0,0,0,0,0,0,1,1,0,0
DsHCfSZl,2,3,0,3,2,0,1,1,0,1
imIqSIBc,0,0,0,0,0,0,0,0,0,0
00zE4IM5,0,3,2,0,0,5,3,0,1,2
X8PikBop,0,2,2,1,0,0,0,0,0,0
BrwccZEg,4,0,0,2,0,0,0,0,0,0
T9PojaCF,0,0,0,0,0,1,0,0,0,0
ERGBY68j,0,8,0,4,0,28,2,1,0,1
Y7w8qjKo,0,0,0,0,0,1,0,0,0,0
iB0u65bp,0,1,0,0,0,0,0,0,0,0
p9P4BSWW,0,0,0,1,0,2,1,2,1,0
A6376yfU,1,0,1,0,0,0,0,0,0,0
oCFQXH1g,0,0,0,0,0,1,0,0,0,0
CJjG2sv0,0,1,1,0,0,2,3,0,0,0
NjeSZQzf,1,10,2,2,4,1,0,0,0,1
sQBtxIyd,1,0,2,0,0,0,0,0,0,0
PEosMjZR,6,2,0,0,0,1,0,0,1,0
kjnA4R3K,4,0,0,0,0,7,3,0,1,0
2XvpyEfv,8,0,1,0,1,0,0,0,1,0
8tOcsUu6,0,0,0,0,0,0,0,0,0,0
D2o3BYjN,0,0,0,0,0,1,0,0,2,0
RIHdLb9O,0,0,0,0,0,2,1,1,0,0
czvyT3Lh,6,0,0,1,1,0,0,1,2,0
joWZkHeL,0,0,0,0,0,0,1,0,0,0
5niGZeZS,0,0,1,0,1,2,2,0,0,0
qkL8GWBt,0,0,0,0,0,0,0,0,0,0
FQ4aLUBb,0,2,0,0,0,2,2,0,0,1
yN3LFsBc,0,0,1,0,0,3,0,2,0,0
OQKWbdAe,4,1,1,1,2,0,0,1,0,1
A8HlIkQQ,1,1,0,1,0,6,4,1,0,1
wEqwHKkm,0,1,2,2,0,0,0,0,0,0
v1H3aXXR,2,2,0,0,0,1,1,0,0,0
YpWxleOG,4,0,0,0,1,1,5,0,0,0
gwJ3kRGF,0,0,0,0,0,1,0,2,2,0
3SF2yG7d,0,0,0,0,0,0,0,0,0,0
FG4vziKh,0,0,0,1,0,0,2,0,0,0
AWSngARy,0,0,0,0,0,0,1,0,0,0
RM9JLaND,10,0,1,0,2,1,1,0,0,1
fsORnLbz,13,4,0,2,1,1,1,0,0,0
KnXvBp9T,8,5,0,0,0,1,0,0,0,1
PGRUfqtO,0,0,1,0,0,2,1,0,0,0
3reCnnS1,0,0,0,0,0,1,0,0,0,0
lXXeweMY,0,0,0,0,0,0,0,0,0,0
uopd664s,0,0,0,0,0,0,0,0,0,0
afRqHqRT,1,1,0,0,0,0,0,0,0,0
ke8PPMDf,0,0,1,0,0,1,5,0,4,1
E6UWHMMU,0,0,0,1,1,0,0,0,1,0
z1eaNjHs,2,1,0,0,1,2,4,0,5,1
RwUzCHgW,1,1,0,1,0,0,0,1,0,0
VUDmFn8F,0,0,1,1,0,0,3,0,0,0
SnGXebdZ,0,4,0,2,0,5,4,0,1,1
m2Bd0zuJ,4,5,0,2,1,1,1,2,1,0
kF9OCqPW,3,0,0,0,0,2,1,0,0,0
5jipIpXN,0,0,0,0,0,0,0,0,0,0
L8212Ahs,0,0,0,0,0,0,0,0,0,0
Ho0ZkGdI,0,0,2,0,0,0,0,0,1,0
72vUDDFF,0,0,0,0,0,1,0,0,0,0
qlkIRsue,4,4,1,0,0,0,0,1,0,0
jXO6JDmb,2,0,1,0,1,0,0,0,0,0
yyv8uoib,3,0,1,0,0,0,0,0,1,0
US9DVfmd,0,0,0,0,0,0,0,0,0,0
raw5vbse,0,0,2,0,0,0,0,2,0,0
3K26UUfj,0,2,1,2,0,0,0,0,0,0
6ulk3fAO,4,3,0,0,1,0,0,1,1,0
qauG4XLV,5,0,0,0,3,0,1,0,0,0
MKdX13HT,2,3,0,1,0,0,1,0,0,0
QAeewImU,2,0,0,0,1,1,0,0,0,0
8kv2UsMW,0,1,1,0,0,0,1,0,0,0
VNRQtMV9,3,0,1,0,0,0,0,0,0,0
ZAn9woKi,0,0,0,0,0,2,1,0,0,0
M9t1x0y3,3,3,0,1,1,0,2,0,0,0
kmEtjT4C,3,0,0,0,1,0,0,0,0,0
uq3kZGZs,0,0,0,0,0,2,0,0,0,0
cIzJKRoH,0,0,0,0,0,4,0,0,0,0
ze9vvQEc,1,4,0,1,3,0,3,0,0,1
0nxiO2ti,1,7,1,1,4,0,0,0,0,0
fKq0jWsz,0,0,0,0,0,1,2,2,0,0
Xcx9S6WY,2,0,0,0,1,0,0,0,1,0
U86IdMKG,0,0,0,0,1,0,1,0,0,0
7EsC6Flz,0,0,1,0,0,0,0,0,0,0
CiZAi765,0,0,0,0,0,1,0,1,0,0
OTDceVj9,1,2,0,2,0,0,0,0,0,0
hOVvF8cT,3,2,1,0,2,0,0,0,0,1
unRnsKvW,0,2,0,0,0,0,3,0,0,1
savkVzo5,1,1,0,0,1,2,0,2,1,0
0TA0db8N,0,0,0,0,0,1,0,0,0,0
7W7nYeqb,0,0,0,0,0,0,0,0,0,0
eWIpkPSb,0,0,0,0,0,0,0,0,0,0
IvG10d53,0,0,0,0,0,1,3,0,0,0
vRP1zRJe,2,3,0,0,1,2,0,0,0,0
jgWRbc3L,0,5,1,0,1,1,3,0,1,0
PM0Wwt1u,3,6,0,0,1,1,4,0,0,0
XyM5Kqzx,4,1,0,6,1,0,0,0,0,0
tvneCXGJ,0,9,0,0,1,1,0,1,0,1
2h7iNqJG,2,3,1,1,0,0,1,0,0,0
IxLZqKPo,0,9,1,0,2,0,0,1,1,0
n1aUQiea,1,0,0,0,0,0,0,0,0,0
IY6vQQ90,9,0,1,0,0,0,0,0,0,0
Esv3iXqI,4,5,3,2,1,1,1,0,6,0
rJUGKzYx,0,0,0,1,0,1,0,0,0,0
WRhVWUQD,1,0,0,0,0,0,0,0,1,0
SfDzNJYU,0,0,0,0,0,1,0,1,3,1
Yc9yAfws,2,0,0,0,1,1,0,0,0,0
TZxhi4Nq,0,0,2,0,0,2,0,1,0,0
jhYnRVxD,1,0,1,0,0,0,0,1,0,0
